file_name,file_path,create_time,modify_time,access_time
亡者之夜 (10),C:\Documents\StarCraft II\Accounts\213079079\5-S2-1-4501899\Replays\Multiplayer\亡者之夜 (10).SC2Replay,2020-12-15 17:24:23,2018-09-30 19:38:46,2021-09-15 09:34:32
亡者之夜 (11),C:\Documents\StarCraft II\Accounts\213079079\5-S2-1-4501899\Replays\Multiplayer\亡者之夜 (11).SC2Replay,2020-12-16 09:08:33,2018-10-02 20:10:11,2021-09-15 09:34:32
亡者之夜 (12),C:\Documents\StarCraft II\Accounts\213079079\5-S2-1-4501899\Replays\Multiplayer\亡者之夜 (12).SC2Replay,2020-12-15 13:58:09,2018-10-04 23:30:15,2021-09-15 09:34:32
亡者之夜 (13),C:\Documents\StarCraft II\Accounts\213079079\5-S2-1-4501899\Replays\Multiplayer\亡者之夜 (13).SC2Replay,2020-12-15 13:37:23,2018-10-21 17:50:29,2021-09-15 09:34:32
亡者之夜 (14),C:\Documents\StarCraft II\Accounts\213079079\5-S2-1-4501899\Replays\Multiplayer\亡者之夜 (14).SC2Replay,2020-12-15 14:51:48,2018-11-04 12:00:32,2021-09-15 09:34:32
亡者之夜 (15),C:\Documents\StarCraft II\Accounts\213079079\5-S2-1-4501899\Replays\Multiplayer\亡者之夜 (15).SC2Replay,2020-12-15 15:57:03,2018-11-17 18:12:10,2021-09-15 09:34:33
亡者之夜 (16),C:\Documents\StarCraft II\Accounts\213079079\5-S2-1-4501899\Replays\Multiplayer\亡者之夜 (16).SC2Replay,2020-12-15 14:39:56,2018-11-17 20:10:18,2021-09-15 09:34:33
亡者之夜 (17),C:\Documents\StarCraft II\Accounts\213079079\5-S2-1-4501899\Replays\Multiplayer\亡者之夜 (17).SC2Replay,2020-12-16 09:53:52,2018-11-17 20:54:32,2021-09-15 09:34:33
亡者之夜 (18),C:\Documents\StarCraft II\Accounts\213079079\5-S2-1-4501899\Replays\Multiplayer\亡者之夜 (18).SC2Replay,2020-12-15 15:02:56,2018-11-19 23:48:57,2021-09-15 09:34:33
亡者之夜 (19),C:\Documents\StarCraft II\Accounts\213079079\5-S2-1-4501899\Replays\Multiplayer\亡者之夜 (19).SC2Replay,2021-11-28 10:07:18,2021-11-27 15:05:17,2021-11-28 10:07:18
亡者之夜 (2),C:\Documents\StarCraft II\Accounts\213079079\5-S2-1-4501899\Replays\Multiplayer\亡者之夜 (2).SC2Replay,2020-12-16 09:40:50,2017-05-07 23:24:43,2021-09-15 09:34:31
亡者之夜 (20),C:\Documents\StarCraft II\Accounts\213079079\5-S2-1-4501899\Replays\Multiplayer\亡者之夜 (20).SC2Replay,2021-11-28 10:07:18,2021-11-27 18:05:31,2021-11-28 10:07:18
亡者之夜 (21),C:\Documents\StarCraft II\Accounts\213079079\5-S2-1-4501899\Replays\Multiplayer\亡者之夜 (21).SC2Replay,2021-11-28 10:07:17,2021-11-27 21:55:28,2021-11-28 10:07:17
亡者之夜 (22),C:\Documents\StarCraft II\Accounts\213079079\5-S2-1-4501899\Replays\Multiplayer\亡者之夜 (22).SC2Replay,2021-11-28 10:07:16,2021-11-27 22:51:12,2021-11-28 10:07:16
亡者之夜 (23),C:\Documents\StarCraft II\Accounts\213079079\5-S2-1-4501899\Replays\Multiplayer\亡者之夜 (23).SC2Replay,2021-11-28 10:07:16,2021-11-27 23:40:56,2021-11-28 10:07:16
亡者之夜 (24),C:\Documents\StarCraft II\Accounts\213079079\5-S2-1-4501899\Replays\Multiplayer\亡者之夜 (24).SC2Replay,2021-11-29 21:23:49,2021-11-28 11:36:51,2021-11-29 21:23:49
亡者之夜 (25),C:\Documents\StarCraft II\Accounts\213079079\5-S2-1-4501899\Replays\Multiplayer\亡者之夜 (25).SC2Replay,2021-12-05 13:10:49,2021-12-04 12:57:29,2021-12-05 13:10:49
亡者之夜 (26),C:\Documents\StarCraft II\Accounts\213079079\5-S2-1-4501899\Replays\Multiplayer\亡者之夜 (26).SC2Replay,2021-12-05 13:10:49,2021-12-04 17:14:20,2021-12-05 13:10:49
亡者之夜 (27),C:\Documents\StarCraft II\Accounts\213079079\5-S2-1-4501899\Replays\Multiplayer\亡者之夜 (27).SC2Replay,2021-12-11 09:10:53,2021-12-10 21:46:05,2021-12-11 09:10:53
亡者之夜 (28),C:\Documents\StarCraft II\Accounts\213079079\5-S2-1-4501899\Replays\Multiplayer\亡者之夜 (28).SC2Replay,2021-12-13 09:36:35,2021-12-12 13:44:16,2021-12-13 09:36:35
亡者之夜 (29),C:\Documents\StarCraft II\Accounts\213079079\5-S2-1-4501899\Replays\Multiplayer\亡者之夜 (29).SC2Replay,2021-12-15 21:30:46,2021-12-14 21:47:59,2021-12-15 21:30:46
亡者之夜 (3),C:\Documents\StarCraft II\Accounts\213079079\5-S2-1-4501899\Replays\Multiplayer\亡者之夜 (3).SC2Replay,2020-12-15 15:39:48,2017-05-08 22:58:26,2021-09-15 09:34:31
亡者之夜 (30),C:\Documents\StarCraft II\Accounts\213079079\5-S2-1-4501899\Replays\Multiplayer\亡者之夜 (30).SC2Replay,2021-12-20 10:19:39,2021-12-18 11:41:45,2021-12-20 10:19:39
亡者之夜 (31),C:\Documents\StarCraft II\Accounts\213079079\5-S2-1-4501899\Replays\Multiplayer\亡者之夜 (31).SC2Replay,2021-12-20 10:19:39,2021-12-18 17:04:46,2021-12-20 10:19:39
亡者之夜 (32),C:\Documents\StarCraft II\Accounts\213079079\5-S2-1-4501899\Replays\Multiplayer\亡者之夜 (32).SC2Replay,2021-12-20 10:19:39,2021-12-18 20:43:20,2021-12-20 10:19:39
亡者之夜 (33),C:\Documents\StarCraft II\Accounts\213079079\5-S2-1-4501899\Replays\Multiplayer\亡者之夜 (33).SC2Replay,2021-12-20 10:19:39,2021-12-18 21:29:48,2021-12-20 10:19:39
亡者之夜 (4),C:\Documents\StarCraft II\Accounts\213079079\5-S2-1-4501899\Replays\Multiplayer\亡者之夜 (4).SC2Replay,2020-12-15 14:01:09,2017-09-06 22:53:01,2021-09-15 09:34:31
亡者之夜 (5),C:\Documents\StarCraft II\Accounts\213079079\5-S2-1-4501899\Replays\Multiplayer\亡者之夜 (5).SC2Replay,2020-12-15 15:52:55,2017-09-11 23:04:13,2021-09-15 09:34:31
亡者之夜 (6),C:\Documents\StarCraft II\Accounts\213079079\5-S2-1-4501899\Replays\Multiplayer\亡者之夜 (6).SC2Replay,2020-12-15 11:14:56,2018-09-24 21:00:46,2021-09-15 09:34:31
亡者之夜 (7),C:\Documents\StarCraft II\Accounts\213079079\5-S2-1-4501899\Replays\Multiplayer\亡者之夜 (7).SC2Replay,2020-12-15 13:56:36,2018-09-26 21:58:10,2021-09-15 09:34:31
亡者之夜 (8),C:\Documents\StarCraft II\Accounts\213079079\5-S2-1-4501899\Replays\Multiplayer\亡者之夜 (8).SC2Replay,2020-12-15 12:34:35,2018-09-28 23:06:38,2021-09-15 09:34:31
亡者之夜 (9),C:\Documents\StarCraft II\Accounts\213079079\5-S2-1-4501899\Replays\Multiplayer\亡者之夜 (9).SC2Replay,2020-12-15 13:58:07,2018-09-30 11:06:47,2021-09-15 09:34:31
亡者之夜,C:\Documents\StarCraft II\Accounts\213079079\5-S2-1-4501899\Replays\Multiplayer\亡者之夜.SC2Replay,2020-12-15 14:58:53,2017-05-07 17:27:04,2021-09-15 09:34:31
克哈裂痕 (10),C:\Documents\StarCraft II\Accounts\213079079\5-S2-1-4501899\Replays\Multiplayer\克哈裂痕 (10).SC2Replay,2020-12-15 15:46:06,2018-09-29 13:43:01,2021-09-15 09:34:33
克哈裂痕 (11),C:\Documents\StarCraft II\Accounts\213079079\5-S2-1-4501899\Replays\Multiplayer\克哈裂痕 (11).SC2Replay,2020-12-15 15:56:41,2018-09-30 14:34:58,2021-09-15 09:34:33
克哈裂痕 (12),C:\Documents\StarCraft II\Accounts\213079079\5-S2-1-4501899\Replays\Multiplayer\克哈裂痕 (12).SC2Replay,2020-12-16 09:16:52,2018-09-30 17:23:55,2021-09-15 09:34:33
克哈裂痕 (13),C:\Documents\StarCraft II\Accounts\213079079\5-S2-1-4501899\Replays\Multiplayer\克哈裂痕 (13).SC2Replay,2020-12-15 17:35:27,2018-10-21 13:26:52,2021-09-15 09:34:33
克哈裂痕 (14),C:\Documents\StarCraft II\Accounts\213079079\5-S2-1-4501899\Replays\Multiplayer\克哈裂痕 (14).SC2Replay,2020-12-15 14:47:45,2018-10-30 21:28:02,2021-09-15 09:34:33
克哈裂痕 (15),C:\Documents\StarCraft II\Accounts\213079079\5-S2-1-4501899\Replays\Multiplayer\克哈裂痕 (15).SC2Replay,2020-12-15 15:48:05,2018-10-30 21:51:12,2021-09-15 09:34:33
克哈裂痕 (16),C:\Documents\StarCraft II\Accounts\213079079\5-S2-1-4501899\Replays\Multiplayer\克哈裂痕 (16).SC2Replay,2020-12-15 13:13:24,2018-11-17 18:56:03,2021-09-15 09:34:33
克哈裂痕 (17),C:\Documents\StarCraft II\Accounts\213079079\5-S2-1-4501899\Replays\Multiplayer\克哈裂痕 (17).SC2Replay,2020-12-15 16:18:06,2018-11-22 19:23:46,2021-09-15 09:34:33
克哈裂痕 (18),C:\Documents\StarCraft II\Accounts\213079079\5-S2-1-4501899\Replays\Multiplayer\克哈裂痕 (18).SC2Replay,2021-11-28 10:07:16,2021-11-27 12:19:36,2021-11-28 10:07:16
克哈裂痕 (19),C:\Documents\StarCraft II\Accounts\213079079\5-S2-1-4501899\Replays\Multiplayer\克哈裂痕 (19).SC2Replay,2021-11-28 10:07:16,2021-11-27 19:20:03,2021-11-28 10:07:16
克哈裂痕 (2),C:\Documents\StarCraft II\Accounts\213079079\5-S2-1-4501899\Replays\Multiplayer\克哈裂痕 (2).SC2Replay,2020-12-15 16:18:45,2017-05-07 11:25:55,2021-09-15 09:34:31
克哈裂痕 (20),C:\Documents\StarCraft II\Accounts\213079079\5-S2-1-4501899\Replays\Multiplayer\克哈裂痕 (20).SC2Replay,2021-11-29 21:23:48,2021-11-28 14:06:55,2021-11-29 21:23:48
克哈裂痕 (21),C:\Documents\StarCraft II\Accounts\213079079\5-S2-1-4501899\Replays\Multiplayer\克哈裂痕 (21).SC2Replay,2021-12-05 13:10:49,2021-12-04 20:27:27,2021-12-05 13:10:49
克哈裂痕 (22),C:\Documents\StarCraft II\Accounts\213079079\5-S2-1-4501899\Replays\Multiplayer\克哈裂痕 (22).SC2Replay,2021-12-05 21:28:15,2021-12-05 17:43:14,2021-12-05 21:28:15
克哈裂痕 (23),C:\Documents\StarCraft II\Accounts\213079079\5-S2-1-4501899\Replays\Multiplayer\克哈裂痕 (23).SC2Replay,2021-12-06 20:43:24,2021-12-05 23:12:52,2021-12-06 20:43:24
克哈裂痕 (24),C:\Documents\StarCraft II\Accounts\213079079\5-S2-1-4501899\Replays\Multiplayer\克哈裂痕 (24).SC2Replay,2021-12-11 09:10:53,2021-12-10 22:39:26,2021-12-11 09:10:53
克哈裂痕 (25),C:\Documents\StarCraft II\Accounts\213079079\5-S2-1-4501899\Replays\Multiplayer\克哈裂痕 (25).SC2Replay,2021-12-13 09:36:35,2021-12-12 00:18:38,2021-12-13 09:36:35
克哈裂痕 (26),C:\Documents\StarCraft II\Accounts\213079079\5-S2-1-4501899\Replays\Multiplayer\克哈裂痕 (26).SC2Replay,2021-12-20 10:19:39,2021-12-18 12:56:39,2021-12-20 10:19:39
克哈裂痕 (27),C:\Documents\StarCraft II\Accounts\213079079\5-S2-1-4501899\Replays\Multiplayer\克哈裂痕 (27).SC2Replay,2021-12-20 10:19:39,2021-12-18 16:27:30,2021-12-20 10:19:39
克哈裂痕 (28),C:\Documents\StarCraft II\Accounts\213079079\5-S2-1-4501899\Replays\Multiplayer\克哈裂痕 (28).SC2Replay,2021-12-20 10:19:39,2021-12-18 17:44:15,2021-12-20 10:19:39
克哈裂痕 (29),C:\Documents\StarCraft II\Accounts\213079079\5-S2-1-4501899\Replays\Multiplayer\克哈裂痕 (29).SC2Replay,2021-12-20 10:19:39,2021-12-18 21:04:17,2021-12-20 10:19:39
克哈裂痕 (3),C:\Documents\StarCraft II\Accounts\213079079\5-S2-1-4501899\Replays\Multiplayer\克哈裂痕 (3).SC2Replay,2020-12-15 17:44:59,2017-05-07 16:43:26,2021-09-15 09:34:31
克哈裂痕 (30),C:\Documents\StarCraft II\Accounts\213079079\5-S2-1-4501899\Replays\Multiplayer\克哈裂痕 (30).SC2Replay,2021-12-20 21:47:56,2021-12-19 14:00:36,2021-12-20 21:47:56
克哈裂痕 (4),C:\Documents\StarCraft II\Accounts\213079079\5-S2-1-4501899\Replays\Multiplayer\克哈裂痕 (4).SC2Replay,2020-12-15 15:52:10,2017-05-08 23:20:16,2021-09-15 09:34:31
克哈裂痕 (5),C:\Documents\StarCraft II\Accounts\213079079\5-S2-1-4501899\Replays\Multiplayer\克哈裂痕 (5).SC2Replay,2020-12-15 14:47:18,2017-09-06 21:19:42,2021-09-15 09:34:31
克哈裂痕 (6),C:\Documents\StarCraft II\Accounts\213079079\5-S2-1-4501899\Replays\Multiplayer\克哈裂痕 (6).SC2Replay,2020-12-15 12:32:38,2017-09-11 23:34:37,2021-09-15 09:34:31
克哈裂痕 (7),C:\Documents\StarCraft II\Accounts\213079079\5-S2-1-4501899\Replays\Multiplayer\克哈裂痕 (7).SC2Replay,2020-12-15 18:00:47,2017-09-20 23:03:13,2021-09-15 09:34:31
克哈裂痕 (8),C:\Documents\StarCraft II\Accounts\213079079\5-S2-1-4501899\Replays\Multiplayer\克哈裂痕 (8).SC2Replay,2020-12-15 14:29:21,2018-09-23 19:29:51,2021-09-15 09:34:31
克哈裂痕 (9),C:\Documents\StarCraft II\Accounts\213079079\5-S2-1-4501899\Replays\Multiplayer\克哈裂痕 (9).SC2Replay,2020-12-15 15:10:55,2018-09-24 21:26:28,2021-09-15 09:34:31
克哈裂痕,C:\Documents\StarCraft II\Accounts\213079079\5-S2-1-4501899\Replays\Multiplayer\克哈裂痕.SC2Replay,2020-12-15 14:26:03,2017-05-05 23:22:56,2021-09-15 09:34:31
净网行动 (10),C:\Documents\StarCraft II\Accounts\213079079\5-S2-1-4501899\Replays\Multiplayer\净网行动 (10).SC2Replay,2020-12-15 11:15:07,2018-11-19 22:02:24,2021-09-15 09:34:33
净网行动 (11),C:\Documents\StarCraft II\Accounts\213079079\5-S2-1-4501899\Replays\Multiplayer\净网行动 (11).SC2Replay,2020-12-15 17:59:38,2018-11-21 22:49:33,2021-09-15 09:34:33
净网行动 (12),C:\Documents\StarCraft II\Accounts\213079079\5-S2-1-4501899\Replays\Multiplayer\净网行动 (12).SC2Replay,2021-11-29 21:23:48,2021-11-28 11:11:08,2021-11-29 21:23:48
净网行动 (13),C:\Documents\StarCraft II\Accounts\213079079\5-S2-1-4501899\Replays\Multiplayer\净网行动 (13).SC2Replay,2021-12-05 13:10:49,2021-12-04 22:01:37,2021-12-05 13:10:49
净网行动 (14),C:\Documents\StarCraft II\Accounts\213079079\5-S2-1-4501899\Replays\Multiplayer\净网行动 (14).SC2Replay,2021-12-05 21:28:16,2021-12-05 15:12:25,2021-12-05 21:28:16
净网行动 (15),C:\Documents\StarCraft II\Accounts\213079079\5-S2-1-4501899\Replays\Multiplayer\净网行动 (15).SC2Replay,2021-12-09 21:52:22,2021-12-09 21:39:46,2021-12-09 21:52:22
净网行动 (16),C:\Documents\StarCraft II\Accounts\213079079\5-S2-1-4501899\Replays\Multiplayer\净网行动 (16).SC2Replay,2021-12-15 09:36:36,2021-12-12 23:40:38,2021-12-15 09:36:36
净网行动 (17),C:\Documents\StarCraft II\Accounts\213079079\5-S2-1-4501899\Replays\Multiplayer\净网行动 (17).SC2Replay,2021-12-20 10:19:39,2021-12-18 11:25:11,2021-12-20 10:19:39
净网行动 (2),C:\Documents\StarCraft II\Accounts\213079079\5-S2-1-4501899\Replays\Multiplayer\净网行动 (2).SC2Replay,2020-12-15 12:15:22,2018-09-24 21:52:01,2021-09-15 09:34:31
净网行动 (3),C:\Documents\StarCraft II\Accounts\213079079\5-S2-1-4501899\Replays\Multiplayer\净网行动 (3).SC2Replay,2020-12-15 13:59:32,2018-09-27 21:17:09,2021-09-15 09:34:31
净网行动 (4),C:\Documents\StarCraft II\Accounts\213079079\5-S2-1-4501899\Replays\Multiplayer\净网行动 (4).SC2Replay,2020-12-15 14:59:37,2018-09-30 10:45:45,2021-09-15 09:34:31
净网行动 (5),C:\Documents\StarCraft II\Accounts\213079079\5-S2-1-4501899\Replays\Multiplayer\净网行动 (5).SC2Replay,2020-12-15 13:09:28,2018-10-02 20:30:48,2021-09-15 09:34:31
净网行动 (6),C:\Documents\StarCraft II\Accounts\213079079\5-S2-1-4501899\Replays\Multiplayer\净网行动 (6).SC2Replay,2020-12-15 12:49:06,2018-10-04 22:55:47,2021-09-15 09:34:31
净网行动 (7),C:\Documents\StarCraft II\Accounts\213079079\5-S2-1-4501899\Replays\Multiplayer\净网行动 (7).SC2Replay,2020-12-15 12:06:23,2018-11-11 12:36:22,2021-09-15 09:34:31
净网行动 (8),C:\Documents\StarCraft II\Accounts\213079079\5-S2-1-4501899\Replays\Multiplayer\净网行动 (8).SC2Replay,2020-12-15 17:51:31,2018-11-11 13:37:02,2021-09-15 09:34:32
净网行动 (9),C:\Documents\StarCraft II\Accounts\213079079\5-S2-1-4501899\Replays\Multiplayer\净网行动 (9).SC2Replay,2020-12-15 14:47:18,2018-11-11 13:54:46,2021-09-15 09:34:32
净网行动,C:\Documents\StarCraft II\Accounts\213079079\5-S2-1-4501899\Replays\Multiplayer\净网行动.SC2Replay,2020-12-16 09:51:08,2017-09-23 21:59:12,2021-09-15 09:34:31
升格之链 (10),C:\Documents\StarCraft II\Accounts\213079079\5-S2-1-4501899\Replays\Multiplayer\升格之链 (10).SC2Replay,2020-12-15 11:42:13,2017-05-07 22:12:13,2021-09-15 09:34:33
升格之链 (11),C:\Documents\StarCraft II\Accounts\213079079\5-S2-1-4501899\Replays\Multiplayer\升格之链 (11).SC2Replay,2020-12-15 11:02:58,2017-05-08 20:49:18,2021-09-15 09:34:33
升格之链 (12),C:\Documents\StarCraft II\Accounts\213079079\5-S2-1-4501899\Replays\Multiplayer\升格之链 (12).SC2Replay,2020-12-16 09:00:10,2017-05-09 23:00:41,2021-09-15 09:34:33
升格之链 (13),C:\Documents\StarCraft II\Accounts\213079079\5-S2-1-4501899\Replays\Multiplayer\升格之链 (13).SC2Replay,2020-12-15 17:10:47,2017-05-13 18:47:27,2021-09-15 09:34:33
升格之链 (14),C:\Documents\StarCraft II\Accounts\213079079\5-S2-1-4501899\Replays\Multiplayer\升格之链 (14).SC2Replay,2020-12-15 11:25:46,2017-09-06 23:35:59,2021-09-15 09:34:33
升格之链 (15),C:\Documents\StarCraft II\Accounts\213079079\5-S2-1-4501899\Replays\Multiplayer\升格之链 (15).SC2Replay,2020-12-15 11:10:46,2017-09-10 12:27:29,2021-09-15 09:34:33
升格之链 (16),C:\Documents\StarCraft II\Accounts\213079079\5-S2-1-4501899\Replays\Multiplayer\升格之链 (16).SC2Replay,2020-12-15 12:10:37,2017-09-12 21:06:46,2021-09-15 09:34:33
升格之链 (17),C:\Documents\StarCraft II\Accounts\213079079\5-S2-1-4501899\Replays\Multiplayer\升格之链 (17).SC2Replay,2020-12-15 12:15:13,2018-09-26 21:40:10,2021-09-15 09:34:33
升格之链 (18),C:\Documents\StarCraft II\Accounts\213079079\5-S2-1-4501899\Replays\Multiplayer\升格之链 (18).SC2Replay,2020-12-15 13:55:28,2018-09-29 14:09:00,2021-09-15 09:34:33
升格之链 (19),C:\Documents\StarCraft II\Accounts\213079079\5-S2-1-4501899\Replays\Multiplayer\升格之链 (19).SC2Replay,2020-12-15 18:02:37,2018-09-30 12:21:30,2021-09-15 09:34:33
升格之链 (2),C:\Documents\StarCraft II\Accounts\213079079\5-S2-1-4501899\Replays\Multiplayer\升格之链 (2).SC2Replay,2020-12-16 09:27:24,2017-05-07 10:53:17,2021-09-15 09:34:32
升格之链 (20),C:\Documents\StarCraft II\Accounts\213079079\5-S2-1-4501899\Replays\Multiplayer\升格之链 (20).SC2Replay,2020-12-15 12:06:09,2018-11-17 17:48:02,2021-09-15 09:34:33
升格之链 (21),C:\Documents\StarCraft II\Accounts\213079079\5-S2-1-4501899\Replays\Multiplayer\升格之链 (21).SC2Replay,2020-12-15 11:18:52,2018-11-17 20:32:19,2021-09-15 09:34:33
升格之链 (22),C:\Documents\StarCraft II\Accounts\213079079\5-S2-1-4501899\Replays\Multiplayer\升格之链 (22).SC2Replay,2020-12-15 15:15:00,2018-11-19 23:25:03,2021-09-15 09:34:33
升格之链 (23),C:\Documents\StarCraft II\Accounts\213079079\5-S2-1-4501899\Replays\Multiplayer\升格之链 (23).SC2Replay,2020-12-15 14:25:18,2018-11-21 22:26:36,2021-09-15 09:34:33
升格之链 (24),C:\Documents\StarCraft II\Accounts\213079079\5-S2-1-4501899\Replays\Multiplayer\升格之链 (24).SC2Replay,2020-12-15 14:08:09,2018-12-03 13:47:46,2021-09-15 09:34:33
升格之链 (25),C:\Documents\StarCraft II\Accounts\213079079\5-S2-1-4501899\Replays\Multiplayer\升格之链 (25).SC2Replay,2021-11-28 10:07:16,2021-11-27 12:42:14,2021-11-28 10:07:16
升格之链 (26),C:\Documents\StarCraft II\Accounts\213079079\5-S2-1-4501899\Replays\Multiplayer\升格之链 (26).SC2Replay,2021-11-28 10:07:16,2021-11-27 21:24:08,2021-11-28 10:07:16
升格之链 (27),C:\Documents\StarCraft II\Accounts\213079079\5-S2-1-4501899\Replays\Multiplayer\升格之链 (27).SC2Replay,2021-12-05 13:10:49,2021-12-04 20:50:33,2021-12-05 13:10:49
升格之链 (28),C:\Documents\StarCraft II\Accounts\213079079\5-S2-1-4501899\Replays\Multiplayer\升格之链 (28).SC2Replay,2021-12-05 13:10:49,2021-12-04 21:17:01,2021-12-05 13:10:49
升格之链 (29),C:\Documents\StarCraft II\Accounts\213079079\5-S2-1-4501899\Replays\Multiplayer\升格之链 (29).SC2Replay,2021-12-05 13:10:49,2021-12-04 23:03:11,2021-12-05 13:10:49
升格之链 (3),C:\Documents\StarCraft II\Accounts\213079079\5-S2-1-4501899\Replays\Multiplayer\升格之链 (3).SC2Replay,2020-12-15 12:34:19,2017-05-07 10:54:21,2021-09-15 09:34:32
升格之链 (30),C:\Documents\StarCraft II\Accounts\213079079\5-S2-1-4501899\Replays\Multiplayer\升格之链 (30).SC2Replay,2021-12-05 21:28:15,2021-12-05 14:32:11,2021-12-05 21:28:15
升格之链 (31),C:\Documents\StarCraft II\Accounts\213079079\5-S2-1-4501899\Replays\Multiplayer\升格之链 (31).SC2Replay,2021-12-09 23:44:30,2021-12-09 22:20:09,2021-12-09 23:44:30
升格之链 (32),C:\Documents\StarCraft II\Accounts\213079079\5-S2-1-4501899\Replays\Multiplayer\升格之链 (32).SC2Replay,2021-12-11 09:10:53,2021-12-10 21:56:13,2021-12-11 09:10:53
升格之链 (33),C:\Documents\StarCraft II\Accounts\213079079\5-S2-1-4501899\Replays\Multiplayer\升格之链 (33).SC2Replay,2021-12-20 10:19:39,2021-12-18 10:38:08,2021-12-20 10:19:39
升格之链 (34),C:\Documents\StarCraft II\Accounts\213079079\5-S2-1-4501899\Replays\Multiplayer\升格之链 (34).SC2Replay,2021-12-20 10:19:39,2021-12-18 11:51:44,2021-12-20 10:19:39
升格之链 (35),C:\Documents\StarCraft II\Accounts\213079079\5-S2-1-4501899\Replays\Multiplayer\升格之链 (35).SC2Replay,2021-12-20 10:19:39,2021-12-18 12:11:36,2021-12-20 10:19:39
升格之链 (36),C:\Documents\StarCraft II\Accounts\213079079\5-S2-1-4501899\Replays\Multiplayer\升格之链 (36).SC2Replay,2021-12-20 10:19:39,2021-12-18 23:18:34,2021-12-20 10:19:39
升格之链 (4),C:\Documents\StarCraft II\Accounts\213079079\5-S2-1-4501899\Replays\Multiplayer\升格之链 (4).SC2Replay,2020-12-15 17:07:34,2017-05-07 11:02:11,2021-09-15 09:34:32
升格之链 (5),C:\Documents\StarCraft II\Accounts\213079079\5-S2-1-4501899\Replays\Multiplayer\升格之链 (5).SC2Replay,2020-12-15 12:04:01,2017-05-07 13:26:53,2021-09-15 09:34:32
升格之链 (6),C:\Documents\StarCraft II\Accounts\213079079\5-S2-1-4501899\Replays\Multiplayer\升格之链 (6).SC2Replay,2020-12-15 14:52:30,2017-05-07 14:56:03,2021-09-15 09:34:32
升格之链 (7),C:\Documents\StarCraft II\Accounts\213079079\5-S2-1-4501899\Replays\Multiplayer\升格之链 (7).SC2Replay,2020-12-15 13:53:56,2017-05-07 15:06:42,2021-09-15 09:34:32
升格之链 (8),C:\Documents\StarCraft II\Accounts\213079079\5-S2-1-4501899\Replays\Multiplayer\升格之链 (8).SC2Replay,2020-12-15 14:44:09,2017-05-07 15:08:45,2021-09-15 09:34:32
升格之链 (9),C:\Documents\StarCraft II\Accounts\213079079\5-S2-1-4501899\Replays\Multiplayer\升格之链 (9).SC2Replay,2020-12-15 17:52:56,2017-05-07 15:32:36,2021-09-15 09:34:32
升格之链,C:\Documents\StarCraft II\Accounts\213079079\5-S2-1-4501899\Replays\Multiplayer\升格之链.SC2Replay,2020-12-15 12:34:01,2017-05-07 10:45:29,2021-09-15 09:34:31
天界封锁 (10),C:\Documents\StarCraft II\Accounts\213079079\5-S2-1-4501899\Replays\Multiplayer\天界封锁 (10).SC2Replay,2020-12-15 11:22:36,2018-09-30 19:33:22,2021-09-15 09:34:33
天界封锁 (11),C:\Documents\StarCraft II\Accounts\213079079\5-S2-1-4501899\Replays\Multiplayer\天界封锁 (11).SC2Replay,2020-12-15 12:53:30,2018-11-02 19:24:09,2021-09-15 09:34:33
天界封锁 (12),C:\Documents\StarCraft II\Accounts\213079079\5-S2-1-4501899\Replays\Multiplayer\天界封锁 (12).SC2Replay,2020-12-15 15:52:14,2018-11-17 18:27:59,2021-09-15 09:34:33
天界封锁 (13),C:\Documents\StarCraft II\Accounts\213079079\5-S2-1-4501899\Replays\Multiplayer\天界封锁 (13).SC2Replay,2020-12-15 17:49:00,2018-11-19 22:44:37,2021-09-15 09:34:33
天界封锁 (14),C:\Documents\StarCraft II\Accounts\213079079\5-S2-1-4501899\Replays\Multiplayer\天界封锁 (14).SC2Replay,2020-12-15 16:28:27,2018-11-21 22:06:12,2021-09-15 09:34:33
天界封锁 (15),C:\Documents\StarCraft II\Accounts\213079079\5-S2-1-4501899\Replays\Multiplayer\天界封锁 (15).SC2Replay,2021-11-28 10:07:15,2021-11-27 15:25:16,2021-11-28 10:07:15
天界封锁 (16),C:\Documents\StarCraft II\Accounts\213079079\5-S2-1-4501899\Replays\Multiplayer\天界封锁 (16).SC2Replay,2021-11-28 10:07:15,2021-11-27 23:11:53,2021-11-28 10:07:15
天界封锁 (17),C:\Documents\StarCraft II\Accounts\213079079\5-S2-1-4501899\Replays\Multiplayer\天界封锁 (17).SC2Replay,2021-11-28 10:07:15,2021-11-28 00:21:33,2021-11-28 10:07:15
天界封锁 (18),C:\Documents\StarCraft II\Accounts\213079079\5-S2-1-4501899\Replays\Multiplayer\天界封锁 (18).SC2Replay,2021-12-05 13:10:49,2021-12-04 13:15:49,2021-12-05 13:10:49
天界封锁 (19),C:\Documents\StarCraft II\Accounts\213079079\5-S2-1-4501899\Replays\Multiplayer\天界封锁 (19).SC2Replay,2021-12-05 13:10:48,2021-12-05 12:11:20,2021-12-05 13:10:48
天界封锁 (2),C:\Documents\StarCraft II\Accounts\213079079\5-S2-1-4501899\Replays\Multiplayer\天界封锁 (2).SC2Replay,2020-12-15 14:27:26,2017-05-07 17:02:23,2021-09-15 09:34:32
天界封锁 (20),C:\Documents\StarCraft II\Accounts\213079079\5-S2-1-4501899\Replays\Multiplayer\天界封锁 (20).SC2Replay,2021-12-05 21:28:15,2021-12-05 18:43:18,2021-12-05 21:28:15
天界封锁 (21),C:\Documents\StarCraft II\Accounts\213079079\5-S2-1-4501899\Replays\Multiplayer\天界封锁 (21).SC2Replay,2021-12-09 21:52:08,2021-12-09 21:29:26,2021-12-09 21:52:08
天界封锁 (22),C:\Documents\StarCraft II\Accounts\213079079\5-S2-1-4501899\Replays\Multiplayer\天界封锁 (22).SC2Replay,2021-12-11 09:10:53,2021-12-10 22:20:03,2021-12-11 09:10:53
天界封锁 (23),C:\Documents\StarCraft II\Accounts\213079079\5-S2-1-4501899\Replays\Multiplayer\天界封锁 (23).SC2Replay,2021-12-16 20:53:54,2021-12-15 23:23:24,2021-12-16 20:53:54
天界封锁 (24),C:\Documents\StarCraft II\Accounts\213079079\5-S2-1-4501899\Replays\Multiplayer\天界封锁 (24).SC2Replay,2021-12-17 21:55:37,2021-12-16 23:27:33,2021-12-17 21:55:37
天界封锁 (25),C:\Documents\StarCraft II\Accounts\213079079\5-S2-1-4501899\Replays\Multiplayer\天界封锁 (25).SC2Replay,2021-12-20 21:47:56,2021-12-19 14:16:42,2021-12-20 21:47:56
天界封锁 (26),C:\Documents\StarCraft II\Accounts\213079079\5-S2-1-4501899\Replays\Multiplayer\天界封锁 (26).SC2Replay,2021-12-21 20:53:11,2021-12-21 20:33:46,2021-12-21 20:53:11
天界封锁 (3),C:\Documents\StarCraft II\Accounts\213079079\5-S2-1-4501899\Replays\Multiplayer\天界封锁 (3).SC2Replay,2020-12-15 13:38:03,2017-05-08 22:16:53,2021-09-15 09:34:32
天界封锁 (4),C:\Documents\StarCraft II\Accounts\213079079\5-S2-1-4501899\Replays\Multiplayer\天界封锁 (4).SC2Replay,2020-12-15 17:24:46,2017-09-10 11:53:24,2021-09-15 09:34:32
天界封锁 (5),C:\Documents\StarCraft II\Accounts\213079079\5-S2-1-4501899\Replays\Multiplayer\天界封锁 (5).SC2Replay,2020-12-15 16:05:40,2017-09-12 20:22:28,2021-09-15 09:34:32
天界封锁 (6),C:\Documents\StarCraft II\Accounts\213079079\5-S2-1-4501899\Replays\Multiplayer\天界封锁 (6).SC2Replay,2020-12-16 09:15:33,2017-09-23 20:38:47,2021-09-15 09:34:32
天界封锁 (7),C:\Documents\StarCraft II\Accounts\213079079\5-S2-1-4501899\Replays\Multiplayer\天界封锁 (7).SC2Replay,2020-12-16 09:33:37,2018-09-23 21:21:16,2021-09-15 09:34:32
天界封锁 (8),C:\Documents\StarCraft II\Accounts\213079079\5-S2-1-4501899\Replays\Multiplayer\天界封锁 (8).SC2Replay,2020-12-16 09:52:30,2018-09-25 10:39:51,2021-09-15 09:34:32
天界封锁 (9),C:\Documents\StarCraft II\Accounts\213079079\5-S2-1-4501899\Replays\Multiplayer\天界封锁 (9).SC2Replay,2020-12-15 17:52:09,2018-09-29 15:04:20,2021-09-15 09:34:32
天界封锁,C:\Documents\StarCraft II\Accounts\213079079\5-S2-1-4501899\Replays\Multiplayer\天界封锁.SC2Replay,2020-12-15 11:26:42,2017-05-07 00:23:04,2021-09-15 09:34:31
往日神庙 (10),C:\Documents\StarCraft II\Accounts\213079079\5-S2-1-4501899\Replays\Multiplayer\往日神庙 (10).SC2Replay,2020-12-15 12:52:48,2018-11-19 23:05:48,2021-09-15 09:34:33
往日神庙 (11),C:\Documents\StarCraft II\Accounts\213079079\5-S2-1-4501899\Replays\Multiplayer\往日神庙 (11).SC2Replay,2020-12-15 12:23:13,2018-11-22 20:09:05,2021-09-15 09:34:33
往日神庙 (12),C:\Documents\StarCraft II\Accounts\213079079\5-S2-1-4501899\Replays\Multiplayer\往日神庙 (12).SC2Replay,2021-11-28 10:07:15,2021-11-27 17:16:21,2021-11-28 10:07:15
往日神庙 (13),C:\Documents\StarCraft II\Accounts\213079079\5-S2-1-4501899\Replays\Multiplayer\往日神庙 (13).SC2Replay,2021-11-28 10:07:15,2021-11-27 19:01:02,2021-11-28 10:07:15
往日神庙 (14),C:\Documents\StarCraft II\Accounts\213079079\5-S2-1-4501899\Replays\Multiplayer\往日神庙 (14).SC2Replay,2021-11-29 21:23:48,2021-11-28 11:59:56,2021-11-29 21:23:48
往日神庙 (15),C:\Documents\StarCraft II\Accounts\213079079\5-S2-1-4501899\Replays\Multiplayer\往日神庙 (15).SC2Replay,2021-12-05 13:10:49,2021-12-04 11:35:33,2021-12-05 13:10:49
往日神庙 (16),C:\Documents\StarCraft II\Accounts\213079079\5-S2-1-4501899\Replays\Multiplayer\往日神庙 (16).SC2Replay,2021-12-05 13:10:48,2021-12-04 14:42:31,2021-12-05 13:10:48
往日神庙 (17),C:\Documents\StarCraft II\Accounts\213079079\5-S2-1-4501899\Replays\Multiplayer\往日神庙 (17).SC2Replay,2021-12-05 13:10:48,2021-12-04 18:24:36,2021-12-05 13:10:48
往日神庙 (18),C:\Documents\StarCraft II\Accounts\213079079\5-S2-1-4501899\Replays\Multiplayer\往日神庙 (18).SC2Replay,2021-12-09 23:26:01,2021-12-09 22:42:40,2021-12-09 23:26:01
往日神庙 (19),C:\Documents\StarCraft II\Accounts\213079079\5-S2-1-4501899\Replays\Multiplayer\往日神庙 (19).SC2Replay,2021-12-11 09:10:53,2021-12-10 23:23:19,2021-12-11 09:10:53
往日神庙 (2),C:\Documents\StarCraft II\Accounts\213079079\5-S2-1-4501899\Replays\Multiplayer\往日神庙 (2).SC2Replay,2020-12-16 08:59:20,2017-05-08 21:46:46,2021-09-15 09:34:32
往日神庙 (20),C:\Documents\StarCraft II\Accounts\213079079\5-S2-1-4501899\Replays\Multiplayer\往日神庙 (20).SC2Replay,2021-12-13 09:36:35,2021-12-11 23:21:14,2021-12-13 09:36:35
往日神庙 (21),C:\Documents\StarCraft II\Accounts\213079079\5-S2-1-4501899\Replays\Multiplayer\往日神庙 (21).SC2Replay,2021-12-15 21:30:46,2021-12-14 23:43:13,2021-12-15 21:30:46
往日神庙 (3),C:\Documents\StarCraft II\Accounts\213079079\5-S2-1-4501899\Replays\Multiplayer\往日神庙 (3).SC2Replay,2020-12-15 11:03:39,2017-05-09 21:12:27,2021-09-15 09:34:32
往日神庙 (4),C:\Documents\StarCraft II\Accounts\213079079\5-S2-1-4501899\Replays\Multiplayer\往日神庙 (4).SC2Replay,2020-12-16 09:30:53,2017-05-09 23:22:13,2021-09-15 09:34:32
往日神庙 (5),C:\Documents\StarCraft II\Accounts\213079079\5-S2-1-4501899\Replays\Multiplayer\往日神庙 (5).SC2Replay,2020-12-15 14:56:07,2017-09-05 21:36:42,2021-09-15 09:34:32
往日神庙 (6),C:\Documents\StarCraft II\Accounts\213079079\5-S2-1-4501899\Replays\Multiplayer\往日神庙 (6).SC2Replay,2020-12-16 09:00:48,2017-09-10 12:36:14,2021-09-15 09:34:32
往日神庙 (7),C:\Documents\StarCraft II\Accounts\213079079\5-S2-1-4501899\Replays\Multiplayer\往日神庙 (7).SC2Replay,2020-12-16 09:15:06,2018-09-24 20:40:01,2021-09-15 09:34:32
往日神庙 (8),C:\Documents\StarCraft II\Accounts\213079079\5-S2-1-4501899\Replays\Multiplayer\往日神庙 (8).SC2Replay,2020-12-15 12:20:45,2018-11-04 11:16:47,2021-09-15 09:34:32
往日神庙 (9),C:\Documents\StarCraft II\Accounts\213079079\5-S2-1-4501899\Replays\Multiplayer\往日神庙 (9).SC2Replay,2020-12-15 15:36:33,2018-11-17 17:28:27,2021-09-15 09:34:32
往日神庙,C:\Documents\StarCraft II\Accounts\213079079\5-S2-1-4501899\Replays\Multiplayer\往日神庙.SC2Replay,2020-12-16 10:09:13,2017-05-07 22:32:00,2021-09-15 09:34:31
机会渺茫 (10),C:\Documents\StarCraft II\Accounts\213079079\5-S2-1-4501899\Replays\Multiplayer\机会渺茫 (10).SC2Replay,2020-12-16 09:50:58,2018-11-17 19:43:29,2021-09-15 09:34:33
机会渺茫 (11),C:\Documents\StarCraft II\Accounts\213079079\5-S2-1-4501899\Replays\Multiplayer\机会渺茫 (11).SC2Replay,2020-12-15 12:43:58,2018-11-19 21:39:19,2021-09-15 09:34:33
机会渺茫 (12),C:\Documents\StarCraft II\Accounts\213079079\5-S2-1-4501899\Replays\Multiplayer\机会渺茫 (12).SC2Replay,2020-12-15 12:08:55,2018-11-20 21:18:07,2021-09-15 09:34:33
机会渺茫 (13),C:\Documents\StarCraft II\Accounts\213079079\5-S2-1-4501899\Replays\Multiplayer\机会渺茫 (13).SC2Replay,2021-11-28 10:07:15,2021-11-27 14:10:50,2021-11-28 10:07:15
机会渺茫 (14),C:\Documents\StarCraft II\Accounts\213079079\5-S2-1-4501899\Replays\Multiplayer\机会渺茫 (14).SC2Replay,2021-11-28 10:07:14,2021-11-27 16:53:27,2021-11-28 10:07:14
机会渺茫 (15),C:\Documents\StarCraft II\Accounts\213079079\5-S2-1-4501899\Replays\Multiplayer\机会渺茫 (15).SC2Replay,2021-11-28 10:07:14,2021-11-28 00:02:59,2021-11-28 10:07:14
机会渺茫 (16),C:\Documents\StarCraft II\Accounts\213079079\5-S2-1-4501899\Replays\Multiplayer\机会渺茫 (16).SC2Replay,2021-11-29 21:23:48,2021-11-28 12:25:49,2021-11-29 21:23:48
机会渺茫 (17),C:\Documents\StarCraft II\Accounts\213079079\5-S2-1-4501899\Replays\Multiplayer\机会渺茫 (17).SC2Replay,2021-12-05 13:10:48,2021-12-04 12:13:18,2021-12-05 13:10:48
机会渺茫 (18),C:\Documents\StarCraft II\Accounts\213079079\5-S2-1-4501899\Replays\Multiplayer\机会渺茫 (18).SC2Replay,2021-12-05 13:10:47,2021-12-04 17:41:16,2021-12-05 13:10:47
机会渺茫 (19),C:\Documents\StarCraft II\Accounts\213079079\5-S2-1-4501899\Replays\Multiplayer\机会渺茫 (19).SC2Replay,2021-12-05 21:28:16,2021-12-05 14:04:44,2021-12-05 21:28:16
机会渺茫 (2),C:\Documents\StarCraft II\Accounts\213079079\5-S2-1-4501899\Replays\Multiplayer\机会渺茫 (2).SC2Replay,2020-12-16 10:08:37,2017-08-31 19:30:11,2021-09-15 09:34:32
机会渺茫 (20),C:\Documents\StarCraft II\Accounts\213079079\5-S2-1-4501899\Replays\Multiplayer\机会渺茫 (20).SC2Replay,2021-12-09 23:25:47,2021-12-09 22:02:18,2021-12-09 23:25:47
机会渺茫 (21),C:\Documents\StarCraft II\Accounts\213079079\5-S2-1-4501899\Replays\Multiplayer\机会渺茫 (21).SC2Replay,2021-12-13 09:36:35,2021-12-11 13:46:39,2021-12-13 09:36:35
机会渺茫 (22),C:\Documents\StarCraft II\Accounts\213079079\5-S2-1-4501899\Replays\Multiplayer\机会渺茫 (22).SC2Replay,2021-12-13 09:36:35,2021-12-11 23:43:13,2021-12-13 09:36:35
机会渺茫 (23),C:\Documents\StarCraft II\Accounts\213079079\5-S2-1-4501899\Replays\Multiplayer\机会渺茫 (23).SC2Replay,2021-12-18 09:48:33,2021-12-17 23:28:54,2021-12-18 09:48:33
机会渺茫 (24),C:\Documents\StarCraft II\Accounts\213079079\5-S2-1-4501899\Replays\Multiplayer\机会渺茫 (24).SC2Replay,2021-12-20 10:19:39,2021-12-18 16:09:18,2021-12-20 10:19:39
机会渺茫 (25),C:\Documents\StarCraft II\Accounts\213079079\5-S2-1-4501899\Replays\Multiplayer\机会渺茫 (25).SC2Replay,2021-12-20 10:19:39,2021-12-18 23:05:33,2021-12-20 10:19:39
机会渺茫 (26),C:\Documents\StarCraft II\Accounts\213079079\5-S2-1-4501899\Replays\Multiplayer\机会渺茫 (26).SC2Replay,2021-12-21 20:53:11,2021-12-20 22:46:30,2021-12-21 20:53:11
机会渺茫 (3),C:\Documents\StarCraft II\Accounts\213079079\5-S2-1-4501899\Replays\Multiplayer\机会渺茫 (3).SC2Replay,2020-12-15 11:10:37,2017-09-08 23:00:20,2021-09-15 09:34:32
机会渺茫 (4),C:\Documents\StarCraft II\Accounts\213079079\5-S2-1-4501899\Replays\Multiplayer\机会渺茫 (4).SC2Replay,2020-12-15 15:04:33,2018-09-26 22:24:03,2021-09-15 09:34:32
机会渺茫 (5),C:\Documents\StarCraft II\Accounts\213079079\5-S2-1-4501899\Replays\Multiplayer\机会渺茫 (5).SC2Replay,2020-12-15 15:09:54,2018-09-29 14:25:04,2021-09-15 09:34:32
机会渺茫 (6),C:\Documents\StarCraft II\Accounts\213079079\5-S2-1-4501899\Replays\Multiplayer\机会渺茫 (6).SC2Replay,2020-12-15 15:47:38,2018-09-29 18:15:56,2021-09-15 09:34:32
机会渺茫 (7),C:\Documents\StarCraft II\Accounts\213079079\5-S2-1-4501899\Replays\Multiplayer\机会渺茫 (7).SC2Replay,2020-12-15 16:27:21,2018-09-30 15:01:21,2021-09-15 09:34:32
机会渺茫 (8),C:\Documents\StarCraft II\Accounts\213079079\5-S2-1-4501899\Replays\Multiplayer\机会渺茫 (8).SC2Replay,2020-12-15 17:14:37,2018-09-30 19:43:01,2021-09-15 09:34:32
机会渺茫 (9),C:\Documents\StarCraft II\Accounts\213079079\5-S2-1-4501899\Replays\Multiplayer\机会渺茫 (9).SC2Replay,2020-12-15 17:07:50,2018-10-21 18:53:27,2021-09-15 09:34:32
机会渺茫,C:\Documents\StarCraft II\Accounts\213079079\5-S2-1-4501899\Replays\Multiplayer\机会渺茫.SC2Replay,2020-12-15 17:11:32,2017-05-07 18:37:37,2021-09-15 09:34:31
杀毒之战 (2),C:\Documents\StarCraft II\Accounts\213079079\5-S2-1-4501899\Replays\Multiplayer\杀毒之战 (2).SC2Replay,2020-12-15 15:37:25,2017-09-05 00:11:54,2021-09-15 09:34:32
杀毒之战 (3),C:\Documents\StarCraft II\Accounts\213079079\5-S2-1-4501899\Replays\Multiplayer\杀毒之战 (3).SC2Replay,2020-12-15 14:27:42,2017-09-10 11:24:01,2021-09-15 09:34:32
杀毒之战 (4),C:\Documents\StarCraft II\Accounts\213079079\5-S2-1-4501899\Replays\Multiplayer\杀毒之战 (4).SC2Replay,2020-12-15 15:20:03,2017-09-10 12:59:33,2021-09-15 09:34:32
杀毒之战 (5),C:\Documents\StarCraft II\Accounts\213079079\5-S2-1-4501899\Replays\Multiplayer\杀毒之战 (5).SC2Replay,2020-12-15 14:04:31,2017-09-12 20:47:54,2021-09-15 09:34:32
杀毒之战,C:\Documents\StarCraft II\Accounts\213079079\5-S2-1-4501899\Replays\Multiplayer\杀毒之战.SC2Replay,2020-12-16 09:18:10,2017-09-03 16:53:43,2021-09-15 09:34:31
死亡摇篮 (10),C:\Documents\StarCraft II\Accounts\213079079\5-S2-1-4501899\Replays\Multiplayer\死亡摇篮 (10).SC2Replay,2020-12-16 10:06:07,2018-12-20 20:35:13,2021-09-15 09:34:33
死亡摇篮 (11),C:\Documents\StarCraft II\Accounts\213079079\5-S2-1-4501899\Replays\Multiplayer\死亡摇篮 (11).SC2Replay,2021-11-28 10:07:15,2021-11-27 21:04:27,2021-11-28 10:07:15
死亡摇篮 (12),C:\Documents\StarCraft II\Accounts\213079079\5-S2-1-4501899\Replays\Multiplayer\死亡摇篮 (12).SC2Replay,2021-12-05 13:10:47,2021-12-04 19:13:05,2021-12-05 13:10:47
死亡摇篮 (13),C:\Documents\StarCraft II\Accounts\213079079\5-S2-1-4501899\Replays\Multiplayer\死亡摇篮 (13).SC2Replay,2021-12-05 13:10:48,2021-12-04 22:20:33,2021-12-05 13:10:48
死亡摇篮 (14),C:\Documents\StarCraft II\Accounts\213079079\5-S2-1-4501899\Replays\Multiplayer\死亡摇篮 (14).SC2Replay,2021-12-05 13:10:47,2021-12-04 23:01:31,2021-12-05 13:10:47
死亡摇篮 (15),C:\Documents\StarCraft II\Accounts\213079079\5-S2-1-4501899\Replays\Multiplayer\死亡摇篮 (15).SC2Replay,2021-12-09 23:44:29,2021-12-09 21:59:18,2021-12-09 23:44:29
死亡摇篮 (2),C:\Documents\StarCraft II\Accounts\213079079\5-S2-1-4501899\Replays\Multiplayer\死亡摇篮 (2).SC2Replay,2020-12-16 09:52:17,2018-09-30 16:03:04,2021-09-15 09:34:32
死亡摇篮 (3),C:\Documents\StarCraft II\Accounts\213079079\5-S2-1-4501899\Replays\Multiplayer\死亡摇篮 (3).SC2Replay,2020-12-15 12:17:14,2018-09-30 17:03:23,2021-09-15 09:34:32
死亡摇篮 (4),C:\Documents\StarCraft II\Accounts\213079079\5-S2-1-4501899\Replays\Multiplayer\死亡摇篮 (4).SC2Replay,2020-12-15 15:34:07,2018-10-01 18:32:25,2021-09-15 09:34:32
死亡摇篮 (5),C:\Documents\StarCraft II\Accounts\213079079\5-S2-1-4501899\Replays\Multiplayer\死亡摇篮 (5).SC2Replay,2020-12-15 16:39:46,2018-10-02 20:33:38,2021-09-15 09:34:32
死亡摇篮 (6),C:\Documents\StarCraft II\Accounts\213079079\5-S2-1-4501899\Replays\Multiplayer\死亡摇篮 (6).SC2Replay,2020-12-15 17:11:22,2018-10-21 17:24:22,2021-09-15 09:34:32
死亡摇篮 (7),C:\Documents\StarCraft II\Accounts\213079079\5-S2-1-4501899\Replays\Multiplayer\死亡摇篮 (7).SC2Replay,2020-12-16 08:58:06,2018-11-04 11:39:14,2021-09-15 09:34:32
死亡摇篮 (8),C:\Documents\StarCraft II\Accounts\213079079\5-S2-1-4501899\Replays\Multiplayer\死亡摇篮 (8).SC2Replay,2020-12-15 14:56:55,2018-11-21 21:26:09,2021-09-15 09:34:32
死亡摇篮 (9),C:\Documents\StarCraft II\Accounts\213079079\5-S2-1-4501899\Replays\Multiplayer\死亡摇篮 (9).SC2Replay,2020-12-15 13:48:22,2018-11-22 19:42:52,2021-09-15 09:34:32
死亡摇篮,C:\Documents\StarCraft II\Accounts\213079079\5-S2-1-4501899\Replays\Multiplayer\死亡摇篮.SC2Replay,2020-12-15 11:22:41,2018-09-28 22:09:46,2021-09-15 09:34:31
湮灭快车 (10),C:\Documents\StarCraft II\Accounts\213079079\5-S2-1-4501899\Replays\Multiplayer\湮灭快车 (10).SC2Replay,2020-12-15 15:09:30,2017-09-05 21:57:33,2021-09-15 09:34:33
湮灭快车 (11),C:\Documents\StarCraft II\Accounts\213079079\5-S2-1-4501899\Replays\Multiplayer\湮灭快车 (11).SC2Replay,2020-12-16 09:51:33,2017-09-07 23:44:27,2021-09-15 09:34:33
湮灭快车 (12),C:\Documents\StarCraft II\Accounts\213079079\5-S2-1-4501899\Replays\Multiplayer\湮灭快车 (12).SC2Replay,2020-12-15 11:04:42,2017-09-20 22:43:32,2021-09-15 09:34:33
湮灭快车 (13),C:\Documents\StarCraft II\Accounts\213079079\5-S2-1-4501899\Replays\Multiplayer\湮灭快车 (13).SC2Replay,2020-12-16 09:27:57,2017-09-23 22:20:29,2021-09-15 09:34:33
湮灭快车 (14),C:\Documents\StarCraft II\Accounts\213079079\5-S2-1-4501899\Replays\Multiplayer\湮灭快车 (14).SC2Replay,2020-12-15 12:03:40,2018-09-26 00:12:49,2021-09-15 09:34:33
湮灭快车 (15),C:\Documents\StarCraft II\Accounts\213079079\5-S2-1-4501899\Replays\Multiplayer\湮灭快车 (15).SC2Replay,2020-12-16 09:50:34,2018-09-28 22:40:13,2021-09-15 09:34:33
湮灭快车 (16),C:\Documents\StarCraft II\Accounts\213079079\5-S2-1-4501899\Replays\Multiplayer\湮灭快车 (16).SC2Replay,2020-12-15 12:35:44,2018-09-30 11:46:01,2021-09-15 09:34:33
湮灭快车 (17),C:\Documents\StarCraft II\Accounts\213079079\5-S2-1-4501899\Replays\Multiplayer\湮灭快车 (17).SC2Replay,2020-12-15 12:07:44,2018-09-30 16:27:34,2021-09-15 09:34:33
湮灭快车 (18),C:\Documents\StarCraft II\Accounts\213079079\5-S2-1-4501899\Replays\Multiplayer\湮灭快车 (18).SC2Replay,2020-12-16 09:03:31,2018-11-18 20:08:54,2021-09-15 09:34:33
湮灭快车 (19),C:\Documents\StarCraft II\Accounts\213079079\5-S2-1-4501899\Replays\Multiplayer\湮灭快车 (19).SC2Replay,2020-12-15 12:06:13,2018-11-19 22:23:47,2021-09-15 09:34:33
湮灭快车 (2),C:\Documents\StarCraft II\Accounts\213079079\5-S2-1-4501899\Replays\Multiplayer\湮灭快车 (2).SC2Replay,2020-12-15 15:39:05,2017-05-07 17:47:48,2021-09-15 09:34:32
湮灭快车 (20),C:\Documents\StarCraft II\Accounts\213079079\5-S2-1-4501899\Replays\Multiplayer\湮灭快车 (20).SC2Replay,2021-11-29 21:23:48,2021-11-28 19:21:10,2021-11-29 21:23:48
湮灭快车 (21),C:\Documents\StarCraft II\Accounts\213079079\5-S2-1-4501899\Replays\Multiplayer\湮灭快车 (21).SC2Replay,2021-12-05 13:10:47,2021-12-04 21:59:57,2021-12-05 13:10:47
湮灭快车 (22),C:\Documents\StarCraft II\Accounts\213079079\5-S2-1-4501899\Replays\Multiplayer\湮灭快车 (22).SC2Replay,2021-12-05 21:28:15,2021-12-05 18:09:09,2021-12-05 21:28:15
湮灭快车 (23),C:\Documents\StarCraft II\Accounts\213079079\5-S2-1-4501899\Replays\Multiplayer\湮灭快车 (23).SC2Replay,2021-12-05 21:28:15,2021-12-05 18:27:14,2021-12-05 21:28:15
湮灭快车 (24),C:\Documents\StarCraft II\Accounts\213079079\5-S2-1-4501899\Replays\Multiplayer\湮灭快车 (24).SC2Replay,2021-12-06 20:43:28,2021-12-05 22:53:48,2021-12-06 20:43:28
湮灭快车 (25),C:\Documents\StarCraft II\Accounts\213079079\5-S2-1-4501899\Replays\Multiplayer\湮灭快车 (25).SC2Replay,2021-12-11 09:10:53,2021-12-10 23:00:32,2021-12-11 09:10:53
湮灭快车 (26),C:\Documents\StarCraft II\Accounts\213079079\5-S2-1-4501899\Replays\Multiplayer\湮灭快车 (26).SC2Replay,2021-12-15 21:30:46,2021-12-14 21:27:14,2021-12-15 21:30:46
湮灭快车 (27),C:\Documents\StarCraft II\Accounts\213079079\5-S2-1-4501899\Replays\Multiplayer\湮灭快车 (27).SC2Replay,2021-12-18 09:48:33,2021-12-18 00:09:08,2021-12-18 09:48:33
湮灭快车 (28),C:\Documents\StarCraft II\Accounts\213079079\5-S2-1-4501899\Replays\Multiplayer\湮灭快车 (28).SC2Replay,2021-12-20 10:19:39,2021-12-18 12:32:38,2021-12-20 10:19:39
湮灭快车 (29),C:\Documents\StarCraft II\Accounts\213079079\5-S2-1-4501899\Replays\Multiplayer\湮灭快车 (29).SC2Replay,2021-12-20 10:19:39,2021-12-18 17:46:35,2021-12-20 10:19:39
湮灭快车 (3),C:\Documents\StarCraft II\Accounts\213079079\5-S2-1-4501899\Replays\Multiplayer\湮灭快车 (3).SC2Replay,2020-12-15 13:11:22,2017-05-07 18:09:45,2021-09-15 09:34:32
湮灭快车 (30),C:\Documents\StarCraft II\Accounts\213079079\5-S2-1-4501899\Replays\Multiplayer\湮灭快车 (30).SC2Replay,2021-12-20 21:47:54,2021-12-19 16:14:31,2021-12-20 21:47:54
湮灭快车 (4),C:\Documents\StarCraft II\Accounts\213079079\5-S2-1-4501899\Replays\Multiplayer\湮灭快车 (4).SC2Replay,2020-12-15 11:47:56,2017-05-12 19:49:24,2021-09-15 09:34:32
湮灭快车 (5),C:\Documents\StarCraft II\Accounts\213079079\5-S2-1-4501899\Replays\Multiplayer\湮灭快车 (5).SC2Replay,2020-12-15 12:48:19,2017-05-28 22:55:33,2021-09-15 09:34:32
湮灭快车 (6),C:\Documents\StarCraft II\Accounts\213079079\5-S2-1-4501899\Replays\Multiplayer\湮灭快车 (6).SC2Replay,2020-12-15 11:02:55,2017-05-28 23:00:25,2021-09-15 09:34:32
湮灭快车 (7),C:\Documents\StarCraft II\Accounts\213079079\5-S2-1-4501899\Replays\Multiplayer\湮灭快车 (7).SC2Replay,2020-12-15 17:37:49,2017-05-28 23:01:26,2021-09-15 09:34:32
湮灭快车 (8),C:\Documents\StarCraft II\Accounts\213079079\5-S2-1-4501899\Replays\Multiplayer\湮灭快车 (8).SC2Replay,2020-12-15 17:14:15,2017-09-04 23:13:34,2021-09-15 09:34:32
湮灭快车 (9),C:\Documents\StarCraft II\Accounts\213079079\5-S2-1-4501899\Replays\Multiplayer\湮灭快车 (9).SC2Replay,2020-12-15 15:39:09,2017-09-05 21:29:21,2021-09-15 09:34:32
湮灭快车,C:\Documents\StarCraft II\Accounts\213079079\5-S2-1-4501899\Replays\Multiplayer\湮灭快车.SC2Replay,2020-12-15 11:21:46,2017-05-07 12:19:59,2021-09-15 09:34:31
熔火危机 (10),C:\Documents\StarCraft II\Accounts\213079079\5-S2-1-4501899\Replays\Multiplayer\熔火危机 (10).SC2Replay,2020-12-15 11:01:05,2018-10-01 18:56:22,2021-09-15 09:34:33
熔火危机 (11),C:\Documents\StarCraft II\Accounts\213079079\5-S2-1-4501899\Replays\Multiplayer\熔火危机 (11).SC2Replay,2020-12-15 12:07:36,2018-11-02 19:42:28,2021-09-15 09:34:33
熔火危机 (12),C:\Documents\StarCraft II\Accounts\213079079\5-S2-1-4501899\Replays\Multiplayer\熔火危机 (12).SC2Replay,2020-12-16 09:28:20,2018-11-04 12:30:23,2021-09-15 09:34:33
熔火危机 (13),C:\Documents\StarCraft II\Accounts\213079079\5-S2-1-4501899\Replays\Multiplayer\熔火危机 (13).SC2Replay,2020-12-15 13:11:00,2018-11-18 19:25:03,2021-09-15 09:34:33
熔火危机 (14),C:\Documents\StarCraft II\Accounts\213079079\5-S2-1-4501899\Replays\Multiplayer\熔火危机 (14).SC2Replay,2020-12-15 17:08:45,2018-11-21 21:47:00,2021-09-15 09:34:33
熔火危机 (15),C:\Documents\StarCraft II\Accounts\213079079\5-S2-1-4501899\Replays\Multiplayer\熔火危机 (15).SC2Replay,2020-12-15 14:26:28,2018-12-06 15:43:45,2021-09-15 09:34:33
熔火危机 (16),C:\Documents\StarCraft II\Accounts\213079079\5-S2-1-4501899\Replays\Multiplayer\熔火危机 (16).SC2Replay,2021-11-28 10:07:14,2021-11-27 23:16:24,2021-11-28 10:07:14
熔火危机 (17),C:\Documents\StarCraft II\Accounts\213079079\5-S2-1-4501899\Replays\Multiplayer\熔火危机 (17).SC2Replay,2021-11-29 21:23:48,2021-11-29 12:01:14,2021-11-29 21:23:48
熔火危机 (18),C:\Documents\StarCraft II\Accounts\213079079\5-S2-1-4501899\Replays\Multiplayer\熔火危机 (18).SC2Replay,2021-12-05 13:10:47,2021-12-04 18:42:35,2021-12-05 13:10:47
熔火危机 (19),C:\Documents\StarCraft II\Accounts\213079079\5-S2-1-4501899\Replays\Multiplayer\熔火危机 (19).SC2Replay,2021-12-08 20:07:47,2021-12-07 22:10:20,2021-12-08 20:07:47
熔火危机 (2),C:\Documents\StarCraft II\Accounts\213079079\5-S2-1-4501899\Replays\Multiplayer\熔火危机 (2).SC2Replay,2020-12-15 15:56:08,2017-05-07 16:16:16,2021-09-15 09:34:32
熔火危机 (20),C:\Documents\StarCraft II\Accounts\213079079\5-S2-1-4501899\Replays\Multiplayer\熔火危机 (20).SC2Replay,2021-12-13 09:36:35,2021-12-12 00:02:24,2021-12-13 09:36:35
熔火危机 (21),C:\Documents\StarCraft II\Accounts\213079079\5-S2-1-4501899\Replays\Multiplayer\熔火危机 (21).SC2Replay,2021-12-20 10:19:39,2021-12-18 11:04:11,2021-12-20 10:19:39
熔火危机 (22),C:\Documents\StarCraft II\Accounts\213079079\5-S2-1-4501899\Replays\Multiplayer\熔火危机 (22).SC2Replay,2021-12-20 10:19:39,2021-12-18 22:21:27,2021-12-20 10:19:39
熔火危机 (23),C:\Documents\StarCraft II\Accounts\213079079\5-S2-1-4501899\Replays\Multiplayer\熔火危机 (23).SC2Replay,2021-12-20 10:19:39,2021-12-18 23:39:50,2021-12-20 10:19:39
熔火危机 (24),C:\Documents\StarCraft II\Accounts\213079079\5-S2-1-4501899\Replays\Multiplayer\熔火危机 (24).SC2Replay,2021-12-21 20:53:11,2021-12-20 22:13:11,2021-12-21 20:53:11
熔火危机 (3),C:\Documents\StarCraft II\Accounts\213079079\5-S2-1-4501899\Replays\Multiplayer\熔火危机 (3).SC2Replay,2020-12-15 15:10:05,2017-05-07 22:59:32,2021-09-15 09:34:32
熔火危机 (4),C:\Documents\StarCraft II\Accounts\213079079\5-S2-1-4501899\Replays\Multiplayer\熔火危机 (4).SC2Replay,2020-12-15 11:51:31,2017-05-11 19:04:59,2021-09-15 09:34:32
熔火危机 (5),C:\Documents\StarCraft II\Accounts\213079079\5-S2-1-4501899\Replays\Multiplayer\熔火危机 (5).SC2Replay,2020-12-15 15:38:26,2017-09-06 22:29:21,2021-09-15 09:34:32
熔火危机 (6),C:\Documents\StarCraft II\Accounts\213079079\5-S2-1-4501899\Replays\Multiplayer\熔火危机 (6).SC2Replay,2020-12-15 18:05:59,2017-09-07 23:20:52,2021-09-15 09:34:32
熔火危机 (7),C:\Documents\StarCraft II\Accounts\213079079\5-S2-1-4501899\Replays\Multiplayer\熔火危机 (7).SC2Replay,2020-12-15 12:49:23,2018-09-27 21:57:09,2021-09-15 09:34:32
熔火危机 (8),C:\Documents\StarCraft II\Accounts\213079079\5-S2-1-4501899\Replays\Multiplayer\熔火危机 (8).SC2Replay,2020-12-15 14:49:32,2018-09-29 14:46:43,2021-09-15 09:34:32
熔火危机 (9),C:\Documents\StarCraft II\Accounts\213079079\5-S2-1-4501899\Replays\Multiplayer\熔火危机 (9).SC2Replay,2020-12-16 09:54:50,2018-09-30 13:00:12,2021-09-15 09:34:32
熔火危机,C:\Documents\StarCraft II\Accounts\213079079\5-S2-1-4501899\Replays\Multiplayer\熔火危机.SC2Replay,2020-12-15 12:22:26,2017-05-06 23:59:05,2021-09-15 09:34:31
聚铁成兵 (10),C:\Documents\StarCraft II\Accounts\213079079\5-S2-1-4501899\Replays\Multiplayer\聚铁成兵 (10).SC2Replay,2021-11-28 10:07:14,2021-11-27 14:35:14,2021-11-28 10:07:14
聚铁成兵 (11),C:\Documents\StarCraft II\Accounts\213079079\5-S2-1-4501899\Replays\Multiplayer\聚铁成兵 (11).SC2Replay,2021-12-05 13:10:47,2021-12-04 15:10:25,2021-12-05 13:10:47
聚铁成兵 (12),C:\Documents\StarCraft II\Accounts\213079079\5-S2-1-4501899\Replays\Multiplayer\聚铁成兵 (12).SC2Replay,2021-12-13 09:36:35,2021-12-12 13:22:05,2021-12-13 09:36:35
聚铁成兵 (13),C:\Documents\StarCraft II\Accounts\213079079\5-S2-1-4501899\Replays\Multiplayer\聚铁成兵 (13).SC2Replay,2021-12-20 10:19:39,2021-12-18 17:26:48,2021-12-20 10:19:39
聚铁成兵 (14),C:\Documents\StarCraft II\Accounts\213079079\5-S2-1-4501899\Replays\Multiplayer\聚铁成兵 (14).SC2Replay,2021-12-20 10:19:39,2021-12-18 21:51:21,2021-12-20 10:19:39
聚铁成兵 (15),C:\Documents\StarCraft II\Accounts\213079079\5-S2-1-4501899\Replays\Multiplayer\聚铁成兵 (15).SC2Replay,2021-12-20 21:47:54,2021-12-19 12:36:25,2021-12-20 21:47:54
聚铁成兵 (2),C:\Documents\StarCraft II\Accounts\213079079\5-S2-1-4501899\Replays\Multiplayer\聚铁成兵 (2).SC2Replay,2020-12-15 11:41:05,2018-09-30 19:28:35,2021-09-15 09:34:32
聚铁成兵 (3),C:\Documents\StarCraft II\Accounts\213079079\5-S2-1-4501899\Replays\Multiplayer\聚铁成兵 (3).SC2Replay,2020-12-15 17:17:45,2018-10-03 21:49:49,2021-09-15 09:34:32
聚铁成兵 (4),C:\Documents\StarCraft II\Accounts\213079079\5-S2-1-4501899\Replays\Multiplayer\聚铁成兵 (4).SC2Replay,2020-12-15 11:16:35,2018-10-21 19:42:45,2021-09-15 09:34:32
聚铁成兵 (5),C:\Documents\StarCraft II\Accounts\213079079\5-S2-1-4501899\Replays\Multiplayer\聚铁成兵 (5).SC2Replay,2020-12-16 09:53:46,2018-11-16 20:28:07,2021-09-15 09:34:32
聚铁成兵 (6),C:\Documents\StarCraft II\Accounts\213079079\5-S2-1-4501899\Replays\Multiplayer\聚铁成兵 (6).SC2Replay,2020-12-15 15:13:28,2018-11-16 21:02:38,2021-09-15 09:34:32
聚铁成兵 (7),C:\Documents\StarCraft II\Accounts\213079079\5-S2-1-4501899\Replays\Multiplayer\聚铁成兵 (7).SC2Replay,2020-12-15 17:08:45,2018-11-16 21:04:42,2021-09-15 09:34:32
聚铁成兵 (8),C:\Documents\StarCraft II\Accounts\213079079\5-S2-1-4501899\Replays\Multiplayer\聚铁成兵 (8).SC2Replay,2020-12-15 14:29:12,2018-11-18 20:33:25,2021-09-15 09:34:32
聚铁成兵 (9),C:\Documents\StarCraft II\Accounts\213079079\5-S2-1-4501899\Replays\Multiplayer\聚铁成兵 (9).SC2Replay,2020-12-15 17:03:51,2018-11-22 20:32:06,2021-09-15 09:34:32
聚铁成兵,C:\Documents\StarCraft II\Accounts\213079079\5-S2-1-4501899\Replays\Multiplayer\聚铁成兵.SC2Replay,2020-12-15 13:59:52,2018-09-26 21:29:52,2021-09-15 09:34:31
营救矿工 (10),C:\Documents\StarCraft II\Accounts\213079079\5-S2-1-4501899\Replays\Multiplayer\营救矿工 (10).SC2Replay,2020-12-15 15:38:45,2018-10-28 23:20:06,2021-09-15 09:34:33
营救矿工 (11),C:\Documents\StarCraft II\Accounts\213079079\5-S2-1-4501899\Replays\Multiplayer\营救矿工 (11).SC2Replay,2020-12-15 17:08:48,2018-11-04 10:57:11,2021-09-15 09:34:33
营救矿工 (12),C:\Documents\StarCraft II\Accounts\213079079\5-S2-1-4501899\Replays\Multiplayer\营救矿工 (12).SC2Replay,2020-12-15 11:39:42,2018-11-16 21:53:10,2021-09-15 09:34:33
营救矿工 (13),C:\Documents\StarCraft II\Accounts\213079079\5-S2-1-4501899\Replays\Multiplayer\营救矿工 (13).SC2Replay,2020-12-15 17:56:02,2018-11-19 21:31:20,2021-09-15 09:34:33
营救矿工 (14),C:\Documents\StarCraft II\Accounts\213079079\5-S2-1-4501899\Replays\Multiplayer\营救矿工 (14).SC2Replay,2021-11-28 10:07:14,2021-11-27 17:37:50,2021-11-28 10:07:14
营救矿工 (15),C:\Documents\StarCraft II\Accounts\213079079\5-S2-1-4501899\Replays\Multiplayer\营救矿工 (15).SC2Replay,2021-11-28 10:07:14,2021-11-27 22:52:29,2021-11-28 10:07:14
营救矿工 (16),C:\Documents\StarCraft II\Accounts\213079079\5-S2-1-4501899\Replays\Multiplayer\营救矿工 (16).SC2Replay,2021-11-29 21:23:47,2021-11-28 14:43:46,2021-11-29 21:23:47
营救矿工 (17),C:\Documents\StarCraft II\Accounts\213079079\5-S2-1-4501899\Replays\Multiplayer\营救矿工 (17).SC2Replay,2021-12-05 13:10:47,2021-12-04 22:38:48,2021-12-05 13:10:47
营救矿工 (18),C:\Documents\StarCraft II\Accounts\213079079\5-S2-1-4501899\Replays\Multiplayer\营救矿工 (18).SC2Replay,2021-12-05 13:10:47,2021-12-05 11:54:26,2021-12-05 13:10:47
营救矿工 (19),C:\Documents\StarCraft II\Accounts\213079079\5-S2-1-4501899\Replays\Multiplayer\营救矿工 (19).SC2Replay,2021-12-05 21:28:15,2021-12-05 14:52:47,2021-12-05 21:28:15
营救矿工 (2),C:\Documents\StarCraft II\Accounts\213079079\5-S2-1-4501899\Replays\Multiplayer\营救矿工 (2).SC2Replay,2020-12-16 09:09:51,2017-05-07 22:39:21,2021-09-15 09:34:32
营救矿工 (20),C:\Documents\StarCraft II\Accounts\213079079\5-S2-1-4501899\Replays\Multiplayer\营救矿工 (20).SC2Replay,2021-12-08 20:07:47,2021-12-07 22:55:26,2021-12-08 20:07:47
营救矿工 (21),C:\Documents\StarCraft II\Accounts\213079079\5-S2-1-4501899\Replays\Multiplayer\营救矿工 (21).SC2Replay,2021-12-09 23:25:59,2021-12-09 23:05:13,2021-12-09 23:25:59
营救矿工 (22),C:\Documents\StarCraft II\Accounts\213079079\5-S2-1-4501899\Replays\Multiplayer\营救矿工 (22).SC2Replay,2021-12-13 09:36:35,2021-12-11 19:43:20,2021-12-13 09:36:35
营救矿工 (23),C:\Documents\StarCraft II\Accounts\213079079\5-S2-1-4501899\Replays\Multiplayer\营救矿工 (23).SC2Replay,2021-12-13 09:36:35,2021-12-12 14:07:44,2021-12-13 09:36:35
营救矿工 (24),C:\Documents\StarCraft II\Accounts\213079079\5-S2-1-4501899\Replays\Multiplayer\营救矿工 (24).SC2Replay,2021-12-20 10:19:39,2021-12-18 16:44:31,2021-12-20 10:19:39
营救矿工 (25),C:\Documents\StarCraft II\Accounts\213079079\5-S2-1-4501899\Replays\Multiplayer\营救矿工 (25).SC2Replay,2021-12-20 10:19:39,2021-12-18 22:19:36,2021-12-20 10:19:39
营救矿工 (3),C:\Documents\StarCraft II\Accounts\213079079\5-S2-1-4501899\Replays\Multiplayer\营救矿工 (3).SC2Replay,2020-12-15 12:04:07,2017-05-09 21:37:36,2021-09-15 09:34:32
营救矿工 (4),C:\Documents\StarCraft II\Accounts\213079079\5-S2-1-4501899\Replays\Multiplayer\营救矿工 (4).SC2Replay,2020-12-16 09:01:00,2017-09-08 23:23:35,2021-09-15 09:34:32
营救矿工 (5),C:\Documents\StarCraft II\Accounts\213079079\5-S2-1-4501899\Replays\Multiplayer\营救矿工 (5).SC2Replay,2020-12-16 08:59:50,2018-09-23 19:53:58,2021-09-15 09:34:32
营救矿工 (6),C:\Documents\StarCraft II\Accounts\213079079\5-S2-1-4501899\Replays\Multiplayer\营救矿工 (6).SC2Replay,2020-12-16 09:18:27,2018-09-25 10:54:05,2021-09-15 09:34:32
营救矿工 (7),C:\Documents\StarCraft II\Accounts\213079079\5-S2-1-4501899\Replays\Multiplayer\营救矿工 (7).SC2Replay,2020-12-15 11:05:00,2018-09-30 11:24:18,2021-09-15 09:34:32
营救矿工 (8),C:\Documents\StarCraft II\Accounts\213079079\5-S2-1-4501899\Replays\Multiplayer\营救矿工 (8).SC2Replay,2020-12-15 12:45:12,2018-09-30 18:23:56,2021-09-15 09:34:32
营救矿工 (9),C:\Documents\StarCraft II\Accounts\213079079\5-S2-1-4501899\Replays\Multiplayer\营救矿工 (9).SC2Replay,2020-12-15 12:45:58,2018-10-21 18:13:14,2021-09-15 09:34:32
营救矿工,C:\Documents\StarCraft II\Accounts\213079079\5-S2-1-4501899\Replays\Multiplayer\营救矿工.SC2Replay,2020-12-15 15:21:20,2017-05-04 23:09:17,2021-09-15 09:34:31
虚空撕裂 (10),C:\Documents\StarCraft II\Accounts\213079079\5-S2-1-4501899\Replays\Multiplayer\虚空撕裂 (10).SC2Replay,2020-12-15 14:51:15,2018-11-16 21:05:50,2021-09-15 09:34:33
虚空撕裂 (11),C:\Documents\StarCraft II\Accounts\213079079\5-S2-1-4501899\Replays\Multiplayer\虚空撕裂 (11).SC2Replay,2020-12-15 13:24:51,2018-11-16 21:27:14,2021-09-15 09:34:33
虚空撕裂 (12),C:\Documents\StarCraft II\Accounts\213079079\5-S2-1-4501899\Replays\Multiplayer\虚空撕裂 (12).SC2Replay,2020-12-15 14:57:49,2018-11-17 16:53:24,2021-09-15 09:34:33
虚空撕裂 (13),C:\Documents\StarCraft II\Accounts\213079079\5-S2-1-4501899\Replays\Multiplayer\虚空撕裂 (13).SC2Replay,2020-12-15 15:23:12,2018-11-17 21:11:49,2021-09-15 09:34:33
虚空撕裂 (14),C:\Documents\StarCraft II\Accounts\213079079\5-S2-1-4501899\Replays\Multiplayer\虚空撕裂 (14).SC2Replay,2020-12-15 15:30:01,2018-11-20 20:54:09,2021-09-15 09:34:33
虚空撕裂 (15),C:\Documents\StarCraft II\Accounts\213079079\5-S2-1-4501899\Replays\Multiplayer\虚空撕裂 (15).SC2Replay,2021-11-28 10:07:14,2021-11-27 22:12:45,2021-11-28 10:07:14
虚空撕裂 (16),C:\Documents\StarCraft II\Accounts\213079079\5-S2-1-4501899\Replays\Multiplayer\虚空撕裂 (16).SC2Replay,2021-11-28 10:07:13,2021-11-27 23:54:10,2021-11-28 10:07:13
虚空撕裂 (17),C:\Documents\StarCraft II\Accounts\213079079\5-S2-1-4501899\Replays\Multiplayer\虚空撕裂 (17).SC2Replay,2021-11-29 21:23:47,2021-11-28 14:20:49,2021-11-29 21:23:47
虚空撕裂 (18),C:\Documents\StarCraft II\Accounts\213079079\5-S2-1-4501899\Replays\Multiplayer\虚空撕裂 (18).SC2Replay,2021-12-05 13:10:47,2021-12-05 12:40:50,2021-12-05 13:10:47
虚空撕裂 (19),C:\Documents\StarCraft II\Accounts\213079079\5-S2-1-4501899\Replays\Multiplayer\虚空撕裂 (19).SC2Replay,2021-12-05 21:28:15,2021-12-05 17:26:27,2021-12-05 21:28:15
虚空撕裂 (2),C:\Documents\StarCraft II\Accounts\213079079\5-S2-1-4501899\Replays\Multiplayer\虚空撕裂 (2).SC2Replay,2020-12-15 15:56:12,2017-09-03 16:28:49,2021-09-15 09:34:32
虚空撕裂 (20),C:\Documents\StarCraft II\Accounts\213079079\5-S2-1-4501899\Replays\Multiplayer\虚空撕裂 (20).SC2Replay,2021-12-06 20:43:27,2021-12-05 23:26:56,2021-12-06 20:43:27
虚空撕裂 (21),C:\Documents\StarCraft II\Accounts\213079079\5-S2-1-4501899\Replays\Multiplayer\虚空撕裂 (21).SC2Replay,2021-12-17 21:55:43,2021-12-16 23:05:58,2021-12-17 21:55:43
虚空撕裂 (3),C:\Documents\StarCraft II\Accounts\213079079\5-S2-1-4501899\Replays\Multiplayer\虚空撕裂 (3).SC2Replay,2020-12-15 15:56:40,2017-09-06 21:08:53,2021-09-15 09:34:32
虚空撕裂 (4),C:\Documents\StarCraft II\Accounts\213079079\5-S2-1-4501899\Replays\Multiplayer\虚空撕裂 (4).SC2Replay,2020-12-15 14:50:05,2017-09-10 13:19:00,2021-09-15 09:34:32
虚空撕裂 (5),C:\Documents\StarCraft II\Accounts\213079079\5-S2-1-4501899\Replays\Multiplayer\虚空撕裂 (5).SC2Replay,2020-12-15 13:48:44,2018-09-26 21:26:31,2021-09-15 09:34:32
虚空撕裂 (6),C:\Documents\StarCraft II\Accounts\213079079\5-S2-1-4501899\Replays\Multiplayer\虚空撕裂 (6).SC2Replay,2020-12-16 09:13:17,2018-09-29 18:32:18,2021-09-15 09:34:32
虚空撕裂 (7),C:\Documents\StarCraft II\Accounts\213079079\5-S2-1-4501899\Replays\Multiplayer\虚空撕裂 (7).SC2Replay,2020-12-15 11:39:18,2018-09-30 12:35:51,2021-09-15 09:34:32
虚空撕裂 (8),C:\Documents\StarCraft II\Accounts\213079079\5-S2-1-4501899\Replays\Multiplayer\虚空撕裂 (8).SC2Replay,2020-12-16 10:07:06,2018-10-01 19:12:26,2021-09-15 09:34:32
虚空撕裂 (9),C:\Documents\StarCraft II\Accounts\213079079\5-S2-1-4501899\Replays\Multiplayer\虚空撕裂 (9).SC2Replay,2020-12-16 09:14:32,2018-10-21 18:30:52,2021-09-15 09:34:32
虚空撕裂,C:\Documents\StarCraft II\Accounts\213079079\5-S2-1-4501899\Replays\Multiplayer\虚空撕裂.SC2Replay,2020-12-15 15:04:15,2017-05-07 01:04:39,2021-09-15 09:34:31
虚空降临 (10),C:\Documents\StarCraft II\Accounts\213079079\5-S2-1-4501899\Replays\Multiplayer\虚空降临 (10).SC2Replay,2020-12-15 11:04:36,2017-05-11 19:03:40,2021-09-15 09:34:33
虚空降临 (11),C:\Documents\StarCraft II\Accounts\213079079\5-S2-1-4501899\Replays\Multiplayer\虚空降临 (11).SC2Replay,2020-12-16 08:50:54,2017-09-04 23:36:48,2021-09-15 09:34:33
虚空降临 (12),C:\Documents\StarCraft II\Accounts\213079079\5-S2-1-4501899\Replays\Multiplayer\虚空降临 (12).SC2Replay,2020-12-15 13:24:42,2017-09-06 21:43:33,2021-09-15 09:34:33
虚空降临 (13),C:\Documents\StarCraft II\Accounts\213079079\5-S2-1-4501899\Replays\Multiplayer\虚空降临 (13).SC2Replay,2020-12-15 12:23:19,2017-09-06 23:15:35,2021-09-15 09:34:33
虚空降临 (14),C:\Documents\StarCraft II\Accounts\213079079\5-S2-1-4501899\Replays\Multiplayer\虚空降临 (14).SC2Replay,2020-12-15 18:05:24,2017-09-23 21:04:31,2021-09-15 09:34:33
虚空降临 (15),C:\Documents\StarCraft II\Accounts\213079079\5-S2-1-4501899\Replays\Multiplayer\虚空降临 (15).SC2Replay,2020-12-15 11:23:58,2018-09-29 18:57:22,2021-09-15 09:34:33
虚空降临 (16),C:\Documents\StarCraft II\Accounts\213079079\5-S2-1-4501899\Replays\Multiplayer\虚空降临 (16).SC2Replay,2020-12-16 08:49:29,2018-09-30 17:46:11,2021-09-15 09:34:33
虚空降临 (17),C:\Documents\StarCraft II\Accounts\213079079\5-S2-1-4501899\Replays\Multiplayer\虚空降临 (17).SC2Replay,2020-12-15 12:15:13,2018-10-01 23:24:50,2021-09-15 09:34:33
虚空降临 (18),C:\Documents\StarCraft II\Accounts\213079079\5-S2-1-4501899\Replays\Multiplayer\虚空降临 (18).SC2Replay,2020-12-15 11:18:28,2018-10-01 23:46:18,2021-09-15 09:34:33
虚空降临 (19),C:\Documents\StarCraft II\Accounts\213079079\5-S2-1-4501899\Replays\Multiplayer\虚空降临 (19).SC2Replay,2020-12-15 13:29:53,2018-10-03 21:20:54,2021-09-15 09:34:33
虚空降临 (2),C:\Documents\StarCraft II\Accounts\213079079\5-S2-1-4501899\Replays\Multiplayer\虚空降临 (2).SC2Replay,2020-12-15 13:28:24,2017-05-07 22:11:03,2021-09-15 09:34:32
虚空降临 (20),C:\Documents\StarCraft II\Accounts\213079079\5-S2-1-4501899\Replays\Multiplayer\虚空降临 (20).SC2Replay,2020-12-15 15:00:19,2018-10-21 14:16:01,2021-09-15 09:34:33
虚空降临 (22),C:\Documents\StarCraft II\Accounts\213079079\5-S2-1-4501899\Replays\Multiplayer\虚空降临 (22).SC2Replay,2020-12-15 13:20:58,2018-11-04 11:35:21,2021-09-15 09:34:33
虚空降临 (23),C:\Documents\StarCraft II\Accounts\213079079\5-S2-1-4501899\Replays\Multiplayer\虚空降临 (23).SC2Replay,2020-12-16 09:10:12,2018-11-16 20:54:26,2021-09-15 09:34:33
虚空降临 (24),C:\Documents\StarCraft II\Accounts\213079079\5-S2-1-4501899\Replays\Multiplayer\虚空降临 (24).SC2Replay,2020-12-15 11:17:57,2018-11-18 20:56:41,2021-09-15 09:34:33
虚空降临 (25),C:\Documents\StarCraft II\Accounts\213079079\5-S2-1-4501899\Replays\Multiplayer\虚空降临 (25).SC2Replay,2020-12-15 15:30:54,2018-12-06 15:53:39,2021-09-15 09:34:33
虚空降临 (26),C:\Documents\StarCraft II\Accounts\213079079\5-S2-1-4501899\Replays\Multiplayer\虚空降临 (26).SC2Replay,2021-11-28 10:07:14,2021-11-27 18:41:09,2021-11-28 10:07:14
虚空降临 (27),C:\Documents\StarCraft II\Accounts\213079079\5-S2-1-4501899\Replays\Multiplayer\虚空降临 (27).SC2Replay,2021-12-05 13:10:47,2021-12-04 18:04:29,2021-12-05 13:10:47
虚空降临 (28),C:\Documents\StarCraft II\Accounts\213079079\5-S2-1-4501899\Replays\Multiplayer\虚空降临 (28).SC2Replay,2021-12-05 13:10:47,2021-12-04 21:37:21,2021-12-05 13:10:47
虚空降临 (29),C:\Documents\StarCraft II\Accounts\213079079\5-S2-1-4501899\Replays\Multiplayer\虚空降临 (29).SC2Replay,2021-12-08 20:07:47,2021-12-07 22:32:06,2021-12-08 20:07:47
虚空降临 (3),C:\Documents\StarCraft II\Accounts\213079079\5-S2-1-4501899\Replays\Multiplayer\虚空降临 (3).SC2Replay,2020-12-15 12:24:28,2017-05-08 21:01:58,2021-09-15 09:34:32
虚空降临 (30),C:\Documents\StarCraft II\Accounts\213079079\5-S2-1-4501899\Replays\Multiplayer\虚空降临 (30).SC2Replay,2021-12-11 09:10:53,2021-12-10 23:44:51,2021-12-11 09:10:53
虚空降临 (31),C:\Documents\StarCraft II\Accounts\213079079\5-S2-1-4501899\Replays\Multiplayer\虚空降临 (31).SC2Replay,2021-12-17 21:55:34,2021-12-16 22:49:18,2021-12-17 21:55:34
虚空降临 (32),C:\Documents\StarCraft II\Accounts\213079079\5-S2-1-4501899\Replays\Multiplayer\虚空降临 (32).SC2Replay,2021-12-20 10:19:39,2021-12-18 22:43:30,2021-12-20 10:19:39
虚空降临 (33),C:\Documents\StarCraft II\Accounts\213079079\5-S2-1-4501899\Replays\Multiplayer\虚空降临 (33).SC2Replay,2021-12-21 20:53:11,2021-12-20 21:50:40,2021-12-21 20:53:11
虚空降临 (4),C:\Documents\StarCraft II\Accounts\213079079\5-S2-1-4501899\Replays\Multiplayer\虚空降临 (4).SC2Replay,2020-12-15 15:10:56,2017-05-08 21:22:13,2021-09-15 09:34:32
虚空降临 (5),C:\Documents\StarCraft II\Accounts\213079079\5-S2-1-4501899\Replays\Multiplayer\虚空降临 (5).SC2Replay,2020-12-15 12:35:59,2017-05-08 21:23:15,2021-09-15 09:34:32
虚空降临 (6),C:\Documents\StarCraft II\Accounts\213079079\5-S2-1-4501899\Replays\Multiplayer\虚空降临 (6).SC2Replay,2020-12-15 16:11:23,2017-05-08 22:36:18,2021-09-15 09:34:32
虚空降临 (7),C:\Documents\StarCraft II\Accounts\213079079\5-S2-1-4501899\Replays\Multiplayer\虚空降临 (7).SC2Replay,2020-12-16 08:59:32,2017-05-09 22:36:35,2021-09-15 09:34:32
虚空降临 (8),C:\Documents\StarCraft II\Accounts\213079079\5-S2-1-4501899\Replays\Multiplayer\虚空降临 (8).SC2Replay,2020-12-15 15:11:49,2017-05-09 23:02:40,2021-09-15 09:34:32
虚空降临 (9),C:\Documents\StarCraft II\Accounts\213079079\5-S2-1-4501899\Replays\Multiplayer\虚空降临 (9).SC2Replay,2020-12-15 15:15:04,2017-05-11 18:41:23,2021-09-15 09:34:32
虚空降临,C:\Documents\StarCraft II\Accounts\213079079\5-S2-1-4501899\Replays\Multiplayer\虚空降临.SC2Replay,2020-12-15 12:34:11,2017-05-07 00:45:36,2021-12-22 14:27:06
黑暗杀星 (10),C:\Documents\StarCraft II\Accounts\213079079\5-S2-1-4501899\Replays\Multiplayer\黑暗杀星 (10).SC2Replay,2020-12-15 13:21:31,2017-09-06 22:04:54,2021-09-15 09:34:33
黑暗杀星 (11),C:\Documents\StarCraft II\Accounts\213079079\5-S2-1-4501899\Replays\Multiplayer\黑暗杀星 (11).SC2Replay,2020-12-15 16:06:05,2017-09-18 22:07:09,2021-09-15 09:34:33
黑暗杀星 (12),C:\Documents\StarCraft II\Accounts\213079079\5-S2-1-4501899\Replays\Multiplayer\黑暗杀星 (12).SC2Replay,2020-12-15 13:43:14,2017-09-23 21:35:32,2021-09-15 09:34:33
黑暗杀星 (13),C:\Documents\StarCraft II\Accounts\213079079\5-S2-1-4501899\Replays\Multiplayer\黑暗杀星 (13).SC2Replay,2020-12-16 09:27:53,2018-09-27 21:33:36,2021-09-15 09:34:33
黑暗杀星 (14),C:\Documents\StarCraft II\Accounts\213079079\5-S2-1-4501899\Replays\Multiplayer\黑暗杀星 (14).SC2Replay,2020-12-15 16:04:05,2018-09-30 16:44:01,2021-09-15 09:34:33
黑暗杀星 (15),C:\Documents\StarCraft II\Accounts\213079079\5-S2-1-4501899\Replays\Multiplayer\黑暗杀星 (15).SC2Replay,2020-12-15 15:49:14,2018-10-01 18:09:41,2021-09-15 09:34:33
黑暗杀星 (16),C:\Documents\StarCraft II\Accounts\213079079\5-S2-1-4501899\Replays\Multiplayer\黑暗杀星 (16).SC2Replay,2020-12-15 12:43:34,2018-10-21 13:51:17,2021-09-15 09:34:33
黑暗杀星 (17),C:\Documents\StarCraft II\Accounts\213079079\5-S2-1-4501899\Replays\Multiplayer\黑暗杀星 (17).SC2Replay,2020-12-15 13:13:12,2018-11-21 23:08:40,2021-09-15 09:34:33
黑暗杀星 (18),C:\Documents\StarCraft II\Accounts\213079079\5-S2-1-4501899\Replays\Multiplayer\黑暗杀星 (18).SC2Replay,2021-11-28 10:07:13,2021-11-27 18:19:21,2021-11-28 10:07:13
黑暗杀星 (19),C:\Documents\StarCraft II\Accounts\213079079\5-S2-1-4501899\Replays\Multiplayer\黑暗杀星 (19).SC2Replay,2021-11-28 10:07:12,2021-11-27 22:31:26,2021-11-28 10:07:12
黑暗杀星 (2),C:\Documents\StarCraft II\Accounts\213079079\5-S2-1-4501899\Replays\Multiplayer\黑暗杀星 (2).SC2Replay,2020-12-15 17:48:56,2017-05-07 21:51:38,2021-09-15 09:34:32
黑暗杀星 (20),C:\Documents\StarCraft II\Accounts\213079079\5-S2-1-4501899\Replays\Multiplayer\黑暗杀星 (20).SC2Replay,2021-11-29 21:23:47,2021-11-29 11:39:46,2021-11-29 21:23:47
黑暗杀星 (21),C:\Documents\StarCraft II\Accounts\213079079\5-S2-1-4501899\Replays\Multiplayer\黑暗杀星 (21).SC2Replay,2021-12-05 13:10:47,2021-12-04 11:15:27,2021-12-05 13:10:47
黑暗杀星 (22),C:\Documents\StarCraft II\Accounts\213079079\5-S2-1-4501899\Replays\Multiplayer\黑暗杀星 (22).SC2Replay,2021-12-05 13:10:47,2021-12-04 16:53:08,2021-12-05 13:10:47
黑暗杀星 (23),C:\Documents\StarCraft II\Accounts\213079079\5-S2-1-4501899\Replays\Multiplayer\黑暗杀星 (23).SC2Replay,2021-12-05 13:10:47,2021-12-04 18:54:40,2021-12-05 13:10:47
黑暗杀星 (24),C:\Documents\StarCraft II\Accounts\213079079\5-S2-1-4501899\Replays\Multiplayer\黑暗杀星 (24).SC2Replay,2021-12-05 21:28:15,2021-12-05 12:59:16,2021-12-05 21:28:15
黑暗杀星 (25),C:\Documents\StarCraft II\Accounts\213079079\5-S2-1-4501899\Replays\Multiplayer\黑暗杀星 (25).SC2Replay,2021-12-06 20:43:24,2021-12-05 22:36:17,2021-12-06 20:43:24
黑暗杀星 (26),C:\Documents\StarCraft II\Accounts\213079079\5-S2-1-4501899\Replays\Multiplayer\黑暗杀星 (26).SC2Replay,2021-12-06 20:43:26,2021-12-05 23:42:55,2021-12-06 20:43:26
黑暗杀星 (27),C:\Documents\StarCraft II\Accounts\213079079\5-S2-1-4501899\Replays\Multiplayer\黑暗杀星 (27).SC2Replay,2021-12-13 09:36:35,2021-12-11 13:20:52,2021-12-13 09:36:35
黑暗杀星 (28),C:\Documents\StarCraft II\Accounts\213079079\5-S2-1-4501899\Replays\Multiplayer\黑暗杀星 (28).SC2Replay,2021-12-13 09:36:35,2021-12-11 19:21:35,2021-12-13 09:36:35
黑暗杀星 (29),C:\Documents\StarCraft II\Accounts\213079079\5-S2-1-4501899\Replays\Multiplayer\黑暗杀星 (29).SC2Replay,2021-12-16 20:53:54,2021-12-15 23:43:06,2021-12-16 20:53:54
黑暗杀星 (3),C:\Documents\StarCraft II\Accounts\213079079\5-S2-1-4501899\Replays\Multiplayer\黑暗杀星 (3).SC2Replay,2020-12-15 14:59:09,2017-05-09 21:10:09,2021-09-15 09:34:32
黑暗杀星 (30),C:\Documents\StarCraft II\Accounts\213079079\5-S2-1-4501899\Replays\Multiplayer\黑暗杀星 (30).SC2Replay,2021-12-18 09:48:33,2021-12-17 23:47:19,2021-12-18 09:48:33
黑暗杀星 (31),C:\Documents\StarCraft II\Accounts\213079079\5-S2-1-4501899\Replays\Multiplayer\黑暗杀星 (31).SC2Replay,2021-12-20 21:47:49,2021-12-19 16:38:58,2021-12-20 21:47:49
黑暗杀星 (4),C:\Documents\StarCraft II\Accounts\213079079\5-S2-1-4501899\Replays\Multiplayer\黑暗杀星 (4).SC2Replay,2020-12-15 15:10:31,2017-05-09 21:58:09,2021-09-15 09:34:32
黑暗杀星 (5),C:\Documents\StarCraft II\Accounts\213079079\5-S2-1-4501899\Replays\Multiplayer\黑暗杀星 (5).SC2Replay,2020-12-15 14:28:31,2017-05-09 22:16:27,2021-09-15 09:34:32
黑暗杀星 (6),C:\Documents\StarCraft II\Accounts\213079079\5-S2-1-4501899\Replays\Multiplayer\黑暗杀星 (6).SC2Replay,2020-12-15 15:09:23,2017-05-11 19:24:42,2021-09-15 09:34:32
黑暗杀星 (7),C:\Documents\StarCraft II\Accounts\213079079\5-S2-1-4501899\Replays\Multiplayer\黑暗杀星 (7).SC2Replay,2020-12-15 17:05:53,2017-09-03 17:17:03,2021-09-15 09:34:32
黑暗杀星 (8),C:\Documents\StarCraft II\Accounts\213079079\5-S2-1-4501899\Replays\Multiplayer\黑暗杀星 (8).SC2Replay,2020-12-15 15:56:46,2017-09-05 21:30:57,2021-09-15 09:34:32
黑暗杀星 (9),C:\Documents\StarCraft II\Accounts\213079079\5-S2-1-4501899\Replays\Multiplayer\黑暗杀星 (9).SC2Replay,2020-12-16 09:26:30,2017-09-05 21:32:42,2021-09-15 09:34:32
黑暗杀星,C:\Documents\StarCraft II\Accounts\213079079\5-S2-1-4501899\Replays\Multiplayer\黑暗杀星.SC2Replay,2020-12-15 11:36:30,2017-05-07 11:57:32,2021-09-15 09:34:31
